{ "data":
    [
        {
            "citycode": "010",
            "adcode": "110000",
            "name": "北京市",
            "center": [116.407394, 39.904211],
            "level": "province",
            "districts": [{
                "citycode": "010",
                "adcode": "110100",
                "name": "北京市",
                "center": [116.407394,39.904211],
                "level": "city"
            }]
        }, 
        {
            "citycode": "022",
            "adcode": "120000",
            "name": "天津市",
            "center": [117.200983,39.084158],
            "level": "province",
            "districts": [{
                "citycode": "022",
                "adcode": "120100",
                "name": "天津市",
                "center": [117.200983,39.084158],
                "level": "city"
            }]
        }, 
        {
            "citycode": "021",
            "adcode": "310000",
            "name": "上海市",
            "center": [121.473662,31.230372],
            "level": "province",
            "districts": [{
                "citycode": "021",
                "adcode": "310100",
                "name": "上海市",
                "center": [121.473662,31.230372],
                "level": "city"
            }]
        }, 
        {
            "citycode": "023",
            "adcode": "500000",
            "name": "重庆市",
            "center": [106.551643,29.562849],
            "level": "province",
            "districts": [{
                "citycode": "023",
                "adcode": "500100",
                "name": "重庆市",
                "center": [106.551643,29.562849],
                "level": "city"
            }, {
                "citycode": "023",
                "adcode": "500200",
                "name": "重庆郊县",
                "center": [108.165537,29.293902],
                "level": "city"
            }]
        }, 
        {
            "citycode": [],
            "adcode": "130000",
            "name": "河北省",
            "center": [114.530235,38.037433],
            "level": "province",
            "districts": [{
                "citycode": "0311",
                "adcode": "130100",
                "name": "石家庄市",
                "center": [114.514793,38.042228],
                "level": "city"
            }, {
                "citycode": "0315",
                "adcode": "130200",
                "name": "唐山市",
                "center": [118.180193,39.630867],
                "level": "city"
            }, {
                "citycode": "0335",
                "adcode": "130300",
                "name": "秦皇岛市",
                "center": [119.518197,39.888701],
                "level": "city"
            }, {
                "citycode": "0310",
                "adcode": "130400",
                "name": "邯郸市",
                "center": [114.538959,36.625594],
                "level": "city"
            }, {
                "citycode": "0319",
                "adcode": "130500",
                "name": "邢台市",
                "center": [114.504677,37.070834],
                "level": "city"
            }, {
                "citycode": "0312",
                "adcode": "130600",
                "name": "保定市",
                "center": [115.464589,38.874434],
                "level": "city"
            }, {
                "citycode": "0313",
                "adcode": "130700",
                "name": "张家口市",
                "center": [114.886252,40.768493],
                "level": "city"
            }, {
                "citycode": "0314",
                "adcode": "130800",
                "name": "承德市",
                "center": [117.962749,40.952942],
                "level": "city"
            }, {
                "citycode": "0317",
                "adcode": "130900",
                "name": "沧州市",
                "center": [116.838834,38.304477],
                "level": "city"
            }, {
                "citycode": "0316",
                "adcode": "131000",
                "name": "廊坊市",
                "center": [116.683752,39.538047],
                "level": "city"
            }, {
                "citycode": "0318",
                "adcode": "131100",
                "name": "衡水市",
                "center": [115.670177,37.73892],
                "level": "city"
            }]
        }, 
        {
            "citycode": [],
            "adcode": "140000",
            "name": "山西省",
            "center": [112.562678,37.873499],
            "level": "province",
            "districts": [{
                "citycode": "0351",
                "adcode": "140100",
                "name": "太原市",
                "center": [112.548879,37.87059],
                "level": "city"
            }, {
                "citycode": "0352",
                "adcode": "140200",
                "name": "大同市",
                "center": [113.300129,40.076763],
                "level": "city"
            }, {
                "citycode": "0353",
                "adcode": "140300",
                "name": "阳泉市",
                "center": [113.580519,37.856971],
                "level": "city"
            }, {
                "citycode": "0355",
                "adcode": "140400",
                "name": "长治市",
                "center": [113.116404,36.195409],
                "level": "city"
            }, {
                "citycode": "0356",
                "adcode": "140500",
                "name": "晋城市",
                "center": [112.851486,35.490684],
                "level": "city"
            }, {
                "citycode": "0349",
                "adcode": "140600",
                "name": "朔州市",
                "center": [112.432991,39.331855],
                "level": "city"
            }, {
                "citycode": "0354",
                "adcode": "140700",
                "name": "晋中市",
                "center": [112.752652,37.687357],
                "level": "city"
            }, {
                "citycode": "0359",
                "adcode": "140800",
                "name": "运城市",
                "center": [111.00746,35.026516],
                "level": "city"
            }, {
                "citycode": "0350",
                "adcode": "140900",
                "name": "忻州市",
                "center": [112.734174,38.416663],
                "level": "city"
            }, {
                "citycode": "0357",
                "adcode": "141000",
                "name": "临汾市",
                "center": [111.518975,36.088005],
                "level": "city"
            }, {
                "citycode": "0358",
                "adcode": "141100",
                "name": "吕梁市",
                "center": [111.144699,37.519126],
                "level": "city"
            }]
        }, 
        {
            "citycode": [],
            "adcode": "210000",
            "name": "辽宁省",
            "center": [123.431382,41.836175],
            "level": "province",
            "districts": [{
                "citycode": "024",
                "adcode": "210100",
                "name": "沈阳市",
                "center": [123.465035,41.677284],
                "level": "city"
            }, {
                "citycode": "0411",
                "adcode": "210200",
                "name": "大连市",
                "center": [121.614848,38.914086],
                "level": "city"
            }, {
                "citycode": "0412",
                "adcode": "210300",
                "name": "鞍山市",
                "center": [122.994329,41.108647],
                "level": "city"
            }, {
                "citycode": "0413",
                "adcode": "210400",
                "name": "抚顺市",
                "center": [123.957208,41.880872],
                "level": "city"
            }, {
                "citycode": "0414",
                "adcode": "210500",
                "name": "本溪市",
                "center": [123.685142,41.486981],
                "level": "city"
            }, {
                "citycode": "0415",
                "adcode": "210600",
                "name": "丹东市",
                "center": [124.35445,40.000787],
                "level": "city"
            }, {
                "citycode": "0416",
                "adcode": "210700",
                "name": "锦州市",
                "center": [121.126846,41.095685],
                "level": "city"
            }, {
                "citycode": "0417",
                "adcode": "210800",
                "name": "营口市",
                "center": [122.219458,40.625364],
                "level": "city"
            }, {
                "citycode": "0418",
                "adcode": "210900",
                "name": "阜新市",
                "center": [121.670273,42.021602],
                "level": "city"
            }, {
                "citycode": "0419",
                "adcode": "211000",
                "name": "辽阳市",
                "center": [123.236974,41.267794],
                "level": "city"
            }, {
                "citycode": "0427",
                "adcode": "211100",
                "name": "盘锦市",
                "center": [122.170584,40.719847],
                "level": "city"
            }, {
                "citycode": "0410",
                "adcode": "211200",
                "name": "铁岭市",
                "center": [123.726035,42.223828],
                "level": "city"
            }, {
                "citycode": "0421",
                "adcode": "211300",
                "name": "朝阳市",
                "center": [120.450879,41.573762],
                "level": "city"
            }, {
                "citycode": "0429",
                "adcode": "211400",
                "name": "葫芦岛市",
                "center": [120.836939,40.71104],
                "level": "city"
            }]
        }, 
        {
            "citycode": [],
            "adcode": "220000",
            "name": "吉林省",
            "center": [125.32568,43.897016],
            "level": "province",
            "districts": [{
                "citycode": "0431",
                "adcode": "220100",
                "name": "长春市",
                "center": [125.323513,43.817251],
                "level": "city"
            }, {
                "citycode": "0432",
                "adcode": "220200",
                "name": "吉林市",
                "center": [126.549572,43.837883],
                "level": "city"
            }, {
                "citycode": "0434",
                "adcode": "220300",
                "name": "四平市",
                "center": [124.350398,43.166419],
                "level": "city"
            }, {
                "citycode": "0437",
                "adcode": "220400",
                "name": "辽源市",
                "center": [125.14366,42.887766],
                "level": "city"
            }, {
                "citycode": "0435",
                "adcode": "220500",
                "name": "通化市",
                "center": [125.939697,41.728401],
                "level": "city"
            }, {
                "citycode": "0439",
                "adcode": "220600",
                "name": "白山市",
                "center": [126.41473,41.943972],
                "level": "city"
            }, {
                "citycode": "0438",
                "adcode": "220700",
                "name": "松原市",
                "center": [124.825042,45.141548],
                "level": "city"
            }, {
                "citycode": "0436",
                "adcode": "220800",
                "name": "白城市",
                "center": [122.838714,45.619884],
                "level": "city"
            }, {
                "citycode": "1433",
                "adcode": "222400",
                "name": "延边朝鲜族自治州",
                "center": [129.471868,42.909408],
                "level": "city"
            }]
        }, 
        {
            "citycode": [],
            "adcode": "230000",
            "name": "黑龙江省",
            "center": [126.661665,45.742366],
            "level": "province",
            "districts": [{
                "citycode": "0451",
                "adcode": "230100",
                "name": "哈尔滨市",
                "center": [126.534967,45.803775],
                "level": "city"
            }, {
                "citycode": "0452",
                "adcode": "230200",
                "name": "齐齐哈尔市",
                "center": [123.918186,47.354348],
                "level": "city"
            }, {
                "citycode": "0467",
                "adcode": "230300",
                "name": "鸡西市",
                "center": [130.969333,45.295075],
                "level": "city"
            }, {
                "citycode": "0469",
                "adcode": "230500",
                "name": "双鸭山市",
                "center": [131.141195,46.676418],
                "level": "city"
            }, {
                "citycode": "0459",
                "adcode": "230600",
                "name": "大庆市",
                "center": [125.103784,46.589309],
                "level": "city"
            }, {
                "citycode": "0458",
                "adcode": "230700",
                "name": "伊春市",
                "center": [128.841125,47.727535],
                "level": "city"
            }, {
                "citycode": "0454",
                "adcode": "230800",
                "name": "佳木斯市",
                "center": [130.318878,46.799777],
                "level": "city"
            }, {
                "citycode": "0464",
                "adcode": "230900",
                "name": "七台河市",
                "center": [131.003082,45.771396],
                "level": "city"
            }, {
                "citycode": "0453",
                "adcode": "231000",
                "name": "牡丹江市",
                "center": [129.633168,44.551653],
                "level": "city"
            }, {
                "citycode": "0456",
                "adcode": "231100",
                "name": "黑河市",
                "center": [127.528293,50.245129],
                "level": "city"
            }, {
                "citycode": "0455",
                "adcode": "231200",
                "name": "绥化市",
                "center": [126.968887,46.653845],
                "level": "city"
            }, {
                "citycode": "0457",
                "adcode": "232700",
                "name": "大兴安岭地区",
                "center": [124.711526,52.335262],
                "level": "city"
            }]
        }, 
        {
            "citycode": [],
            "adcode": "320000",
            "name": "江苏省",
            "center": [118.762765,32.060875],
            "level": "province",
            "districts": [{
                "citycode": "025",
                "adcode": "320100",
                "name": "南京市",
                "center": [118.796682,32.05957],
                "level": "city"
            }, {
                "citycode": "0510",
                "adcode": "320200",
                "name": "无锡市",
                "center": [120.31191,31.491169],
                "level": "city"
            }, {
                "citycode": "0516",
                "adcode": "320300",
                "name": "徐州市",
                "center": [117.284124,34.205768],
                "level": "city"
            }, {
                "citycode": "0519",
                "adcode": "320400",
                "name": "常州市",
                "center": [119.974061,31.811226],
                "level": "city"
            }, {
                "citycode": "0512",
                "adcode": "320500",
                "name": "苏州市",
                "center": [120.585728,31.2974],
                "level": "city"
            }, {
                "citycode": "0513",
                "adcode": "320600",
                "name": "南通市",
                "center": [120.894676,31.981143],
                "level": "city"
            }, {
                "citycode": "0518",
                "adcode": "320700",
                "name": "连云港市",
                "center": [119.221611,34.596653],
                "level": "city"
            }, {
                "citycode": "0517",
                "adcode": "320800",
                "name": "淮安市",
                "center": [119.113185,33.551052],
                "level": "city"
            }, {
                "citycode": "0515",
                "adcode": "320900",
                "name": "盐城市",
                "center": [120.163107,33.347708],
                "level": "city"
            }, {
                "citycode": "0514",
                "adcode": "321000",
                "name": "扬州市",
                "center": [119.412939,32.394209],
                "level": "city"
            }, {
                "citycode": "0511",
                "adcode": "321100",
                "name": "镇江市",
                "center": [119.425836,32.187849],
                "level": "city"
            }, {
                "citycode": "0523",
                "adcode": "321200",
                "name": "泰州市",
                "center": [119.922933,32.455536],
                "level": "city"
            }, {
                "citycode": "0527",
                "adcode": "321300",
                "name": "宿迁市",
                "center": [118.275198,33.963232],
                "level": "city"
            }]
        }, 
        {
            "citycode": [],
            "adcode": "330000",
            "name": "浙江省",
            "center": [120.152585,30.266597],
            "level": "province",
            "districts": [{
                "citycode": "0571",
                "adcode": "330100",
                "name": "杭州市",
                "center": [120.209789,30.24692],
                "level": "city"
            }, {
                "citycode": "0574",
                "adcode": "330200",
                "name": "宁波市",
                "center": [121.622485,29.859971],
                "level": "city"
            }, {
                "citycode": "0577",
                "adcode": "330300",
                "name": "温州市",
                "center": [120.699361,27.993828],
                "level": "city"
            }, {
                "citycode": "0573",
                "adcode": "330400",
                "name": "嘉兴市",
                "center": [120.75547,30.746191],
                "level": "city"
            }, {
                "citycode": "0572",
                "adcode": "330500",
                "name": "湖州市",
                "center": [120.086809,30.89441],
                "level": "city"
            }, {
                "citycode": "0575",
                "adcode": "330600",
                "name": "绍兴市",
                "center": [120.580364,30.030192],
                "level": "city"
            }, {
                "citycode": "0579",
                "adcode": "330700",
                "name": "金华市",
                "center": [119.647229,29.079208],
                "level": "city"
            }, {
                "citycode": "0570",
                "adcode": "330800",
                "name": "衢州市",
                "center": [118.859457,28.970079],
                "level": "city"
            }, {
                "citycode": "0580",
                "adcode": "330900",
                "name": "舟山市",
                "center": [122.207106,29.985553],
                "level": "city"
            }, {
                "citycode": "0576",
                "adcode": "331000",
                "name": "台州市",
                "center": [121.42076,28.65638],
                "level": "city"
            }, {
                "citycode": "0578",
                "adcode": "331100",
                "name": "丽水市",
                "center": [119.922796,28.46763],
                "level": "city"
            }]
        }, 
        {
            "citycode": [],
            "adcode": "340000",
            "name": "安徽省",
            "center": [117.329949,31.733806],
            "level": "province",
            "districts": [{
                "citycode": "0551",
                "adcode": "340100",
                "name": "合肥市",
                "center": [117.227219,31.820591],
                "level": "city"
            }, {
                "citycode": "0553",
                "adcode": "340200",
                "name": "芜湖市",
                "center": [118.432941,31.352859],
                "level": "city"
            }, {
                "citycode": "0552",
                "adcode": "340300",
                "name": "蚌埠市",
                "center": [117.388512,32.91663],
                "level": "city"
            }, {
                "citycode": "0554",
                "adcode": "340400",
                "name": "淮南市",
                "center": [117.018399,32.587117],
                "level": "city"
            }, {
                "citycode": "0555",
                "adcode": "340500",
                "name": "马鞍山市",
                "center": [118.507011,31.67044],
                "level": "city"
            }, {
                "citycode": "0561",
                "adcode": "340600",
                "name": "淮北市",
                "center": [116.798265,33.955844],
                "level": "city"
            }, {
                "citycode": "0562",
                "adcode": "340700",
                "name": "铜陵市",
                "center": [117.81154,30.945515],
                "level": "city"
            }, {
                "citycode": "0556",
                "adcode": "340800",
                "name": "安庆市",
                "center": [117.115101,30.531919],
                "level": "city"
            }, {
                "citycode": "0559",
                "adcode": "341000",
                "name": "黄山市",
                "center": [118.338272,29.715185],
                "level": "city"
            }, {
                "citycode": "0550",
                "adcode": "341100",
                "name": "滁州市",
                "center": [118.327944,32.255636],
                "level": "city"
            }, {
                "citycode": "1558",
                "adcode": "341200",
                "name": "阜阳市",
                "center": [115.814504,32.890479],
                "level": "city"
            }, {
                "citycode": "0557",
                "adcode": "341300",
                "name": "宿州市",
                "center": [116.964195,33.647309],
                "level": "city"
            }, {
                "citycode": "0564",
                "adcode": "341500",
                "name": "六安市",
                "center": [116.520139,31.735456],
                "level": "city"
            }, {
                "citycode": "0558",
                "adcode": "341600",
                "name": "亳州市",
                "center": [115.77867,33.844592],
                "level": "city"
            }, {
                "citycode": "0566",
                "adcode": "341700",
                "name": "池州市",
                "center": [117.491592,30.664779],
                "level": "city"
            }, {
                "citycode": "0563",
                "adcode": "341800",
                "name": "宣城市",
                "center": [118.75868,30.940195],
                "level": "city"
            }]
        }, 
        {
            "citycode": [],
            "adcode": "350000",
            "name": "福建省",
            "center": [119.295143,26.100779],
            "level": "province",
            "districts": [{
                "citycode": "0591",
                "adcode": "350100",
                "name": "福州市",
                "center": [119.296389,26.074268],
                "level": "city"
            }, {
                "citycode": "0592",
                "adcode": "350200",
                "name": "厦门市",
                "center": [118.089204,24.479664],
                "level": "city"
            }, {
                "citycode": "0594",
                "adcode": "350300",
                "name": "莆田市",
                "center": [119.007777,25.454084],
                "level": "city"
            }, {
                "citycode": "0598",
                "adcode": "350400",
                "name": "三明市",
                "center": [117.638678,26.263406],
                "level": "city"
            }, {
                "citycode": "0595",
                "adcode": "350500",
                "name": "泉州市",
                "center": [118.675676,24.874132],
                "level": "city"
            }, {
                "citycode": "0596",
                "adcode": "350600",
                "name": "漳州市",
                "center": [117.647093,24.513025],
                "level": "city"
            }, {
                "citycode": "0599",
                "adcode": "350700",
                "name": "南平市",
                "center": [118.17771,26.641774],
                "level": "city"
            }, {
                "citycode": "0597",
                "adcode": "350800",
                "name": "龙岩市",
                "center": [117.017295,25.075119],
                "level": "city"
            }, {
                "citycode": "0593",
                "adcode": "350900",
                "name": "宁德市",
                "center": [119.547932,26.665617],
                "level": "city"
            }]
        }, 
        {
            "citycode": [],
            "adcode": "360000",
            "name": "江西省",
            "center": [115.81635,28.63666],
            "level": "province",
            "districts": [{
                "citycode": "0791",
                "adcode": "360100",
                "name": "南昌市",
                "center": [115.858198,28.682892],
                "level": "city"
            }, {
                "citycode": "0798",
                "adcode": "360200",
                "name": "景德镇市",
                "center": [117.178222,29.268945],
                "level": "city"
            }, {
                "citycode": "0799",
                "adcode": "360300",
                "name": "萍乡市",
                "center": [113.887083,27.658373],
                "level": "city"
            }, {
                "citycode": "0792",
                "adcode": "360400",
                "name": "九江市",
                "center": [115.952914,29.662117],
                "level": "city"
            }, {
                "citycode": "0790",
                "adcode": "360500",
                "name": "新余市",
                "center": [114.917346,27.817808],
                "level": "city"
            }, {
                "citycode": "0701",
                "adcode": "360600",
                "name": "鹰潭市",
                "center": [117.042173,28.272537],
                "level": "city"
            }, {
                "citycode": "0797",
                "adcode": "360700",
                "name": "赣州市",
                "center": [114.933546,25.830694],
                "level": "city"
            }, {
                "citycode": "0796",
                "adcode": "360800",
                "name": "吉安市",
                "center": [114.966567,27.090763],
                "level": "city"
            }, {
                "citycode": "0795",
                "adcode": "360900",
                "name": "宜春市",
                "center": [114.416785,27.815743],
                "level": "city"
            }, {
                "citycode": "0794",
                "adcode": "361000",
                "name": "抚州市",
                "center": [116.358181,27.949217],
                "level": "city"
            }, {
                "citycode": "0793",
                "adcode": "361100",
                "name": "上饶市",
                "center": [117.943433,28.454863],
                "level": "city"
            }]
        }, 
        {
            "citycode": [],
            "adcode": "370000",
            "name": "山东省",
            "center": [117.019915,36.671156],
            "level": "province",
            "districts": [{
                "citycode": "0531",
                "adcode": "370100",
                "name": "济南市",
                "center": [117.120098,36.6512],
                "level": "city"
            }, {
                "citycode": "0532",
                "adcode": "370200",
                "name": "青岛市",
                "center": [120.382621,36.067131],
                "level": "city"
            }, {
                "citycode": "0533",
                "adcode": "370300",
                "name": "淄博市",
                "center": [118.055019,36.813546],
                "level": "city"
            }, {
                "citycode": "0632",
                "adcode": "370400",
                "name": "枣庄市",
                "center": [117.323725,34.810488],
                "level": "city"
            }, {
                "citycode": "0546",
                "adcode": "370500",
                "name": "东营市",
                "center": [118.674614,37.433963],
                "level": "city"
            }, {
                "citycode": "0535",
                "adcode": "370600",
                "name": "烟台市",
                "center": [121.447852,37.464539],
                "level": "city"
            }, {
                "citycode": "0536",
                "adcode": "370700",
                "name": "潍坊市",
                "center": [119.161748,36.706962],
                "level": "city"
            }, {
                "citycode": "0537",
                "adcode": "370800",
                "name": "济宁市",
                "center": [116.587282,35.414982],
                "level": "city"
            }, {
                "citycode": "0538",
                "adcode": "370900",
                "name": "泰安市",
                "center": [117.087614,36.200252],
                "level": "city"
            }, {
                "citycode": "0631",
                "adcode": "371000",
                "name": "威海市",
                "center": [122.120282,37.513412],
                "level": "city"
            }, {
                "citycode": "0633",
                "adcode": "371100",
                "name": "日照市",
                "center": [119.526925,35.416734],
                "level": "city"
            }, {
                "citycode": "0634",
                "adcode": "371200",
                "name": "莱芜市",
                "center": [117.676723,36.213813],
                "level": "city"
            }, {
                "citycode": "0539",
                "adcode": "371300",
                "name": "临沂市",
                "center": [118.356414,35.104673],
                "level": "city"
            }, {
                "citycode": "0534",
                "adcode": "371400",
                "name": "德州市",
                "center": [116.359381,37.436657],
                "level": "city"
            }, {
                "citycode": "0635",
                "adcode": "371500",
                "name": "聊城市",
                "center": [115.985389,36.456684],
                "level": "city"
            }, {
                "citycode": "0543",
                "adcode": "371600",
                "name": "滨州市",
                "center": [117.970699,37.38198],
                "level": "city"
            }, {
                "citycode": "0530",
                "adcode": "371700",
                "name": "菏泽市",
                "center": [115.480656,35.23375],
                "level": "city"
            }]
        }, 
        {
            "citycode": [],
            "adcode": "410000",
            "name": "河南省",
            "center": [113.753394,34.765869],
            "level": "province",
            "districts": [{
                "citycode": "0371",
                "adcode": "410100",
                "name": "郑州市",
                "center": [113.625328,34.746611],
                "level": "city"
            }, {
                "citycode": "0378",
                "adcode": "410200",
                "name": "开封市",
                "center": [114.307677,34.797966],
                "level": "city"
            }, {
                "citycode": "0379",
                "adcode": "410300",
                "name": "洛阳市",
                "center": [112.453926,34.620202],
                "level": "city"
            }, {
                "citycode": "0375",
                "adcode": "410400",
                "name": "平顶山市",
                "center": [113.192661,33.766169],
                "level": "city"
            }, {
                "citycode": "0372",
                "adcode": "410500",
                "name": "安阳市",
                "center": [114.392392,36.097577],
                "level": "city"
            }, {
                "citycode": "0392",
                "adcode": "410600",
                "name": "鹤壁市",
                "center": [114.297309,35.748325],
                "level": "city"
            }, {
                "citycode": "0373",
                "adcode": "410700",
                "name": "新乡市",
                "center": [113.926763,35.303704],
                "level": "city"
            }, {
                "citycode": "0391",
                "adcode": "410800",
                "name": "焦作市",
                "center": [113.241823,35.215893],
                "level": "city"
            }, {
                "citycode": "0393",
                "adcode": "410900",
                "name": "濮阳市",
                "center": [115.029216,35.761829],
                "level": "city"
            }, {
                "citycode": "0374",
                "adcode": "411000",
                "name": "许昌市",
                "center": [113.852454,34.035771],
                "level": "city"
            }, {
                "citycode": "0395",
                "adcode": "411100",
                "name": "漯河市",
                "center": [114.016536,33.580873],
                "level": "city"
            }, {
                "citycode": "0398",
                "adcode": "411200",
                "name": "三门峡市",
                "center": [111.200367,34.772792],
                "level": "city"
            }, {
                "citycode": "0377",
                "adcode": "411300",
                "name": "南阳市",
                "center": [112.528308,32.990664],
                "level": "city"
            }, {
                "citycode": "0370",
                "adcode": "411400",
                "name": "商丘市",
                "center": [115.656339,34.414961],
                "level": "city"
            }, {
                "citycode": "0376",
                "adcode": "411500",
                "name": "信阳市",
                "center": [114.091193,32.147679],
                "level": "city"
            }, {
                "citycode": "0394",
                "adcode": "411600",
                "name": "周口市",
                "center": [114.69695,33.626149],
                "level": "city"
            }, {
                "citycode": "0396",
                "adcode": "411700",
                "name": "驻马店市",
                "center": [114.022247,33.012885],
                "level": "city"
            }, {
                "citycode": "1391",
                "adcode": "419001",
                "name": "济源市",
                "center": [112.602256,35.067199],
                "level": "city"
            }]
        }, 
        {
            "citycode": [],
            "adcode": "420000",
            "name": "湖北省",
            "center": [114.341745,30.546557],
            "level": "province",
            "districts": [{
                "citycode": "027",
                "adcode": "420100",
                "name": "武汉市",
                "center": [114.305469,30.593175],
                "level": "city"
            }, {
                "citycode": "0714",
                "adcode": "420200",
                "name": "黄石市",
                "center": [115.038962,30.201038],
                "level": "city"
            }, {
                "citycode": "0719",
                "adcode": "420300",
                "name": "十堰市",
                "center": [110.799291,32.629462],
                "level": "city"
            }, {
                "citycode": "0717",
                "adcode": "420500",
                "name": "宜昌市",
                "center": [111.286445,30.691865],
                "level": "city"
            }, {
                "citycode": "0710",
                "adcode": "420600",
                "name": "襄阳市",
                "center": [112.122426,32.009016],
                "level": "city"
            }, {
                "citycode": "0711",
                "adcode": "420700",
                "name": "鄂州市",
                "center": [114.894935,30.391141],
                "level": "city"
            }, {
                "citycode": "0724",
                "adcode": "420800",
                "name": "荆门市",
                "center": [112.199427,31.035395],
                "level": "city"
            }, {
                "citycode": "0712",
                "adcode": "420900",
                "name": "孝感市",
                "center": [113.957037,30.917766],
                "level": "city"
            }, {
                "citycode": "0716",
                "adcode": "421000",
                "name": "荆州市",
                "center": [112.239746,30.335184],
                "level": "city"
            }, {
                "citycode": "0713",
                "adcode": "421100",
                "name": "黄冈市",
                "center": [114.872199,30.453667],
                "level": "city"
            }, {
                "citycode": "0715",
                "adcode": "421200",
                "name": "咸宁市",
                "center": [114.322616,29.841362],
                "level": "city"
            }, {
                "citycode": "0722",
                "adcode": "421300",
                "name": "随州市",
                "center": [113.382515,31.690191],
                "level": "city"
            }, {
                "citycode": "0718",
                "adcode": "422800",
                "name": "恩施土家族苗族自治州",
                "center": [109.488172,30.272156],
                "level": "city"
            }, {
                "citycode": "2728",
                "adcode": "429005",
                "name": "潜江市",
                "center": [112.899762,30.402167],
                "level": "city"
            }, {
                "citycode": "1719",
                "adcode": "429021",
                "name": "神农架林区",
                "center": [110.675743,31.744915],
                "level": "city"
            }, {
                "citycode": "1728",
                "adcode": "429006",
                "name": "天门市",
                "center": [113.166078,30.663337],
                "level": "city"
            }, {
                "citycode": "0728",
                "adcode": "429004",
                "name": "仙桃市",
                "center": [113.423583,30.361438],
                "level": "city"
            }]
        }, 
        {
            "citycode": [],
            "adcode": "430000",
            "name": "湖南省",
            "center": [112.9836,28.112743],
            "level": "province",
            "districts": [{
                "citycode": "0731",
                "adcode": "430100",
                "name": "长沙市",
                "center": [112.938884,28.22808],
                "level": "city"
            }, {
                "citycode": "0733",
                "adcode": "430200",
                "name": "株洲市",
                "center": [113.133853,27.827986],
                "level": "city"

            }, {
                "citycode": "0732",
                "adcode": "430300",
                "name": "湘潭市",
                "center": [112.944026,27.829795],
                "level": "city"
            }, {
                "citycode": "0734",
                "adcode": "430400",
                "name": "衡阳市",
                "center": [112.572018,26.893368],
                "level": "city"
            }, {
                "citycode": "0739",
                "adcode": "430500",
                "name": "邵阳市",
                "center": [111.467674,27.23895],
                "level": "city"
            }, {
                "citycode": "0730",
                "adcode": "430600",
                "name": "岳阳市",
                "center": [113.12873,29.356803],
                "level": "city"
            }, {
                "citycode": "0736",
                "adcode": "430700",
                "name": "常德市",
                "center": [111.698784,29.031654],
                "level": "city"
            }, {
                "citycode": "0744",
                "adcode": "430800",
                "name": "张家界市",
                "center": [110.479148,29.117013],
                "level": "city"
            }, {
                "citycode": "0737",
                "adcode": "430900",
                "name": "益阳市",
                "center": [112.355129,28.554349],
                "level": "city"
            }, {
                "citycode": "0735",
                "adcode": "431000",
                "name": "郴州市",
                "center": [113.014984,25.770532],
                "level": "city"
            }, {
                "citycode": "0746",
                "adcode": "431100",
                "name": "永州市",
                "center": [111.613418,26.419641],
                "level": "city"
            }, {
                "citycode": "0745",
                "adcode": "431200",
                "name": "怀化市",
                "center": [110.001923,27.569517],
                "level": "city"
            }, {
                "citycode": "0738",
                "adcode": "431300",
                "name": "娄底市",
                "center": [111.994482,27.70027],
                "level": "city"
            }, {
                "citycode": "0743",
                "adcode": "433100",
                "name": "湘西土家族苗族自治州",
                "center": [109.738906,28.31195],
                "level": "city"
            }]
        }, 
        {
            "citycode": [],
            "adcode": "440000",
            "name": "广东省",
            "center": [113.26641,23.132324],
            "level": "province",
            "districts": [{
                "citycode": "020",
                "adcode": "440100",
                "name": "广州市",
                "center": [113.264385,23.12911],
                "level": "city"
            }, {
                "citycode": "0751",
                "adcode": "440200",
                "name": "韶关市",
                "center": [113.59762,24.810879],
                "level": "city"
            }, {
                "citycode": "0755",
                "adcode": "440300",
                "name": "深圳市",
                "center": [114.057939,22.543527],
                "level": "city"
            }, {
                "citycode": "0756",
                "adcode": "440400",
                "name": "珠海市",
                "center": [113.576677,22.270978],
                "level": "city"
            }, {
                "citycode": "0754",
                "adcode": "440500",
                "name": "汕头市",
                "center": [116.681972,23.354091],
                "level": "city"
            }, {
                "citycode": "0757",
                "adcode": "440600",
                "name": "佛山市",
                "center": [113.121435,23.021478],
                "level": "city"
            }, {
                "citycode": "0750",
                "adcode": "440700",
                "name": "江门市",
                "center": [113.081542,22.57899],
                "level": "city"
            }, {
                "citycode": "0759",
                "adcode": "440800",
                "name": "湛江市",
                "center": [110.356639,21.270145],
                "level": "city"
            }, {
                "citycode": "0668",
                "adcode": "440900",
                "name": "茂名市",
                "center": [110.925439,21.662991],
                "level": "city"
            }, {
                "citycode": "0758",
                "adcode": "441200",
                "name": "肇庆市",
                "center": [112.465091,23.047191],
                "level": "city"
            }, {
                "citycode": "0752",
                "adcode": "441300",
                "name": "惠州市",
                "center": [114.415612,23.112381],
                "level": "city"
            }, {
                "citycode": "0753",
                "adcode": "441400",
                "name": "梅州市"
            }, {
                "citycode": "0660",
                "adcode": "441500",
                "name": "汕尾市",
                "center": [115.375431,22.78705],
                "level": "city"
            }, {
                "citycode": "0762",
                "adcode": "441600",
                "name": "河源市",
                "center": [114.700961,23.743686],
                "level": "city"
            }, {
                "citycode": "0662",
                "adcode": "441700",
                "name": "阳江市",
                "center": [111.982589,21.857887],
                "level": "city"
            }, {
                "citycode": "0763",
                "adcode": "441800",
                "name": "清远市",
                "center": [113.056042,23.681774],
                "level": "city"
            }, {
                "citycode": "0769",
                "adcode": "441900",
                "name": "东莞市",
                "center": [113.751799,23.020673],
                "level": "city"
            }, {
                "citycode": "0760",
                "adcode": "442000",
                "name": "中山市",
                "center": [113.39277,22.517585],
                "level": "city"
            }, {
                "citycode": "0768",
                "adcode": "445100",
                "name": "潮州市",
                "center": [116.622444,23.657262],
                "level": "city"
            }, {
                "citycode": "0663",
                "adcode": "445200",
                "name": "揭阳市",
                "center": [116.372708,23.549701],
                "level": "city"
            }, {
                "citycode": "0766",
                "adcode": "445300",
                "name": "云浮市"
            }, {
                "citycode": [],
                "adcode": "442100",
                "name": "东沙群岛",
                "center": [116.887613,20.617825],
                "level": "city"
            }]
        }, 
        {
            "citycode": [],
            "adcode": "460000",
            "name": "海南省",
            "center": [110.349228,20.017377],
            "level": "province",
            "districts": [{
                "citycode": "0802",
                "adcode": "469025",
                "name": "白沙黎族自治县",
                "center": [109.451484,19.224823],
                "level": "city"
            }, {
                "citycode": "0801",
                "adcode": "469029",
                "name": "保亭黎族苗族自治县",
                "center": [109.70259,18.63913],
                "level": "city"
            }, {
                "citycode": "0803",
                "adcode": "469026",
                "name": "昌江黎族自治县",
                "center": [109.055739,19.298184],
                "level": "city"
            }, {
                "citycode": "0804",
                "adcode": "469023",
                "name": "澄迈县",
                "center": [110.006754,19.738521],
                "level": "city"
            }, {
                "citycode": "0898",
                "adcode": "460100",
                "name": "海口市",
                "center": [110.198286,20.044412],
                "level": "city"
            }, {
                "citycode": "0899",
                "adcode": "460200",
                "name": "三亚市",
                "center": [109.511772,18.253135],
                "level": "city"
            }, {
                "citycode": "2898",
                "adcode": "460300",
                "name": "三沙市",
                "center": [112.338695,16.831839],
                "level": "city"
            }, {
                "citycode": "0805",
                "adcode": "460400",
                "name": "儋州市",
                "center": [109.580811,19.521134],
                "level": "city"
            }, {
                "citycode": "0806",
                "adcode": "469021",
                "name": "定安县",
                "center": [110.359339,19.681404],
                "level": "city"
            }, {
                "citycode": "0807",
                "adcode": "469007",
                "name": "东方市",
                "center": [108.651815,19.095351],
                "level": "city"
            }, {
                "citycode": "2802",
                "adcode": "469027",
                "name": "乐东黎族自治县",
                "center": [109.173054,18.750259],
                "level": "city"
            }, {
                "citycode": "1896",
                "adcode": "469024",
                "name": "临高县",
                "center": [109.690508,19.912025],
                "level": "city"
            }, {
                "citycode": "0809",
                "adcode": "469028",
                "name": "陵水黎族自治县",
                "center": [110.037503,18.506048],
                "level": "city"
            }, {
                "citycode": "1894",
                "adcode": "469002",
                "name": "琼海市",
                "center": [110.474497,19.259134],
                "level": "city"
            }, {
                "citycode": "1899",
                "adcode": "469030",
                "name": "琼中黎族苗族自治县",
                "center": [109.838389,19.033369],
                "level": "city"
            }, {
                "citycode": "1892",
                "adcode": "469022",
                "name": "屯昌县",
                "center": [110.103415,19.351765],
                "level": "city"
            }, {
                "citycode": "1898",
                "adcode": "469006",
                "name": "万宁市",
                "center": [110.391073,18.795143],
                "level": "city"
            }, {
                "citycode": "1893",
                "adcode": "469005",
                "name": "文昌市",
                "center": [110.797717,19.543422],
                "level": "city"
            }, {
                "citycode": "1897",
                "adcode": "469001",
                "name": "五指山市",
                "center": [109.516925,18.775146],
                "level": "city"
            }]
        }, 
        {
            "citycode": [],
            "adcode": "510000",
            "name": "四川省",
            "center": [104.075809,30.651239],
            "level": "province",
            "districts": [{
                "citycode": "028",
                "adcode": "510100",
                "name": "成都市",
                "center": [104.066794,30.572893],
                "level": "city"
            }, {
                "citycode": "0813",
                "adcode": "510300",
                "name": "自贡市",
                "center": [104.778442,29.33903],
                "level": "city"
            }, {
                "citycode": "0812",
                "adcode": "510400",
                "name": "攀枝花市",
                "center": [101.718637,26.582347],
                "level": "city"
            }, {
                "citycode": "0830",
                "adcode": "510500",
                "name": "泸州市",
                "center": [105.442285,28.871805],
                "level": "city"
            }, {
                "citycode": "0838",
                "adcode": "510600",
                "name": "德阳市",
                "center": [104.397894,31.126855],
                "level": "city"
            }, {
                "citycode": "0816",
                "adcode": "510700",
                "name": "绵阳市",
                "center": [104.679004,31.467459],
                "level": "city"
            }, {
                "citycode": "0839",
                "adcode": "510800",
                "name": "广元市",
                "center": [105.843357,32.435435],
                "level": "city"
            }, {
                "citycode": "0825",
                "adcode": "510900",
                "name": "遂宁市",
                "center": [105.592803,30.53292],
                "level": "city"
            }, {
                "citycode": "1832",
                "adcode": "511000",
                "name": "内江市",
                "center": [105.058432,29.580228],
                "level": "city"
            }, {
                "citycode": "0833",
                "adcode": "511100",
                "name": "乐山市",
                "center": [103.765678,29.552115],
                "level": "city"
            }, {
                "citycode": "0817",
                "adcode": "511300",
                "name": "南充市",
                "center": [106.110698,30.837793],
                "level": "city"
            }, {
                "citycode": "1833",
                "adcode": "511400",
                "name": "眉山市",
                "center": [103.848403,30.076994],
                "level": "city"
            }, {
                "citycode": "0831",
                "adcode": "511500",
                "name": "宜宾市",
                "center": [104.642845,28.752134],
                "level": "city"
            }, {
                "citycode": "0826",
                "adcode": "511600",
                "name": "广安市",
                "center": [106.633088,30.456224],
                "level": "city"
            }, {
                "citycode": "0818",
                "adcode": "511700",
                "name": "达州市",
                "center": [107.467758,31.209121],
                "level": "city"
            }, {
                "citycode": "0835",
                "adcode": "511800",
                "name": "雅安市",
                "center": [103.042375,30.010602],
                "level": "city"
            }, {
                "citycode": "0827",
                "adcode": "511900",
                "name": "巴中市",
                "center": [106.747477,31.867903],
                "level": "city"
            }, {
                "citycode": "0832",
                "adcode": "512000",
                "name": "资阳市",
                "center": [104.627636,30.128901],
                "level": "city"
            }, {
                "citycode": "0837",
                "adcode": "513200",
                "name": "阿坝藏族羌族自治州",
                "center": [102.224653,31.899413],
                "level": "city"
            }, {
                "citycode": "0836",
                "adcode": "513300",
                "name": "甘孜藏族自治州",
                "center": [101.96231,30.04952],
                "level": "city"
            }, {
                "citycode": "0834",
                "adcode": "513400",
                "name": "凉山彝族自治州",
                "center": [102.267712,27.88157],
                "level": "city"
            }]
        }, 
        {
            "citycode": [],
            "adcode": "520000",
            "name": "贵州省",
            "center": [106.70546,26.600055],
            "level": "province",
            "districts": [{
                "citycode": "0851",
                "adcode": "520100",
                "name": "贵阳市",
                "center": [106.630153,26.647661],
                "level": "city"
            }, {
                "citycode": "0858",
                "adcode": "520200",
                "name": "六盘水市",
                "center": [104.830458,26.592707],
                "level": "city"
            }, {
                "citycode": "0852",
                "adcode": "520300",
                "name": "遵义市",
                "center": [106.927389,27.725654],
                "level": "city"
            }, {
                "citycode": "0853",
                "adcode": "520400",
                "name": "安顺市",
                "center": [105.947594,26.253088],
                "level": "city"
            }, {
                "citycode": "0857",
                "adcode": "520500",
                "name": "毕节市",
                "center": [105.291702,27.283908],
                "level": "city"
            }, {
                "citycode": "0856",
                "adcode": "520600",
                "name": "铜仁市",
                "center": [109.189598,27.731514],
                "level": "city"
            }, {
                "citycode": "0859",
                "adcode": "522300",
                "name": "黔西南布依族苗族自治州",
                "center": [104.906397,25.087856],
                "level": "city"
            }, {
                "citycode": "0855",
                "adcode": "522600",
                "name": "黔东南苗族侗族自治州",
                "center": [107.982874,26.583457],
                "level": "city"
            }, {
                "citycode": "0854",
                "adcode": "522700",
                "name": "黔南布依族苗族自治州",
                "center": [107.522171,26.253275],
                "level": "city"
            }]
        }, 
        {
            "citycode": [],
            "adcode": "530000",
            "name": "云南省",
            "center": [102.710002,25.045806],
            "level": "province",
            "districts": [{
                "citycode": "0871",
                "adcode": "530100",
                "name": "昆明市",
                "center": [102.832891,24.880095],
                "level": "city"
            }, {
                "citycode": "0874",
                "adcode": "530300",
                "name": "曲靖市",
                "center": [103.796167,25.489999],
                "level": "city"
            }, {
                "citycode": "0877",
                "adcode": "530400",
                "name": "玉溪市",
                "center": [102.527197,24.347324],
                "level": "city"
            }, {
                "citycode": "0875",
                "adcode": "530500",
                "name": "保山市",
                "center": [99.161761,25.112046],
                "level": "city"
            }, {
                "citycode": "0870",
                "adcode": "530600",
                "name": "昭通市",
                "center": [103.717465,27.338257],
                "level": "city"
            }, {
                "citycode": "0888",
                "adcode": "530700",
                "name": "丽江市",
                "center": [100.22775,26.855047],
                "level": "city"
            }, {
                "citycode": "0879",
                "adcode": "530800",
                "name": "普洱市",
                "center": [100.966156,22.825155],
                "level": "city"
            }, {
                "citycode": "0883",
                "adcode": "530900",
                "name": "临沧市",
                "center": [100.08879,23.883955],
                "level": "city"
            }, {
                "citycode": "0878",
                "adcode": "532300",
                "name": "楚雄彝族自治州",
                "center": [101.527992,25.045513],
                "level": "city"
            }, {
                "citycode": "0873",
                "adcode": "532500",
                "name": "红河哈尼族彝族自治州",
                "center": [103.374893,23.363245],
                "level": "city"
            }, {
                "citycode": "0876",
                "adcode": "532600",
                "name": "文山壮族苗族自治州",
                "center": [104.216248,23.400733],
                "level": "city"
            }, {
                "citycode": "0691",
                "adcode": "532800",
                "name": "西双版纳傣族自治州",
                "center": [100.796984,22.009113],
                "level": "city"
            }, {
                "citycode": "0872",
                "adcode": "532900",
                "name": "大理白族自治州",
                "center": [100.267638,25.606486],
                "level": "city"
            }, {
                "citycode": "0692",
                "adcode": "533100",
                "name": "德宏傣族景颇族自治州",
                "center": [98.584895,24.433353],
                "level": "city"
            }, {
                "citycode": "0886",
                "adcode": "533300",
                "name": "怒江傈僳族自治州",
                "center": [98.8566,25.817555],
                "level": "city"
            }, {
                "citycode": "0887",
                "adcode": "533400",
                "name": "迪庆藏族自治州",
                "center": [99.702583,27.818807],
                "level": "city"
            }]
        }, 
        {
                "citycode": [],
                "adcode": "610000",
                "name": "陕西省",
                "center": [108.954347,34.265502],
                "level": "province",
                "districts": [{
                    "citycode": "029",
                    "adcode": "610100",
                    "name": "西安市",
                    "center": [108.93977,34.341574],
                    "level": "city"
                }, {
                    "citycode": "0919",
                    "adcode": "610200",
                    "name": "铜川市",
                    "center": [108.945019,34.897887],
                    "level": "city"
                }, {
                    "citycode": "0917",
                    "adcode": "610300",
                    "name": "宝鸡市",
                    "center": [107.237743,34.363184],
                    "level": "city"
                }, {
                    "citycode": "0910",
                    "adcode": "610400",
                    "name": "咸阳市",
                    "center": [108.709136,34.32987],
                    "level": "city"
                }, {
                    "citycode": "0913",
                    "adcode": "610500",
                    "name": "渭南市",
                    "center": [109.471094,34.52044],
                    "level": "city"
                }, {
                    "citycode": "0911",
                    "adcode": "610600",
                    "name": "延安市",
                    "center": [109.494112,36.651381],
                    "level": "city"
                }, {
                    "citycode": "0916",
                    "adcode": "610700",
                    "name": "汉中市",
                    "center": [107.02305,33.067225],
                    "level": "city"
                }, {
                    "citycode": "0912",
                    "adcode": "610800",
                    "name": "榆林市",
                    "center": [109.734474,38.285369],
                    "level": "city"
                }, {
                    "citycode": "0915",
                    "adcode": "610900",
                    "name": "安康市",
                    "center": [109.029113,32.68481],
                    "level": "city"
                }, {
                    "citycode": "0914",
                    "adcode": "611000",
                    "name": "商洛市",
                    "center": [109.91857,33.872726],
                    "level": "city"
                }]
        }, 
        {
                "citycode": [],
                "adcode": "620000",
                "name": "甘肃省",
                "center": [103.826447,36.05956],
                "level": "province",
                "districts": [{
                    "citycode": "0931",
                    "adcode": "620100",
                    "name": "兰州市",
                    "center": [103.834303,36.061089],
                    "level": "city"
                }, {
                    "citycode": "1937",
                    "adcode": "620200",
                    "name": "嘉峪关市",
                    "center": [98.289419,39.772554],
                    "level": "city"
                }, {
                    "citycode": "0935",
                    "adcode": "620300",
                    "name": "金昌市",
                    "center": [102.188117,38.520717],
                    "level": "city"
                }, {
                    "citycode": "0943",
                    "adcode": "620400",
                    "name": "白银市",
                    "center": [104.138771,36.545261],
                    "level": "city"
                }, {
                    "citycode": "0938",
                    "adcode": "620500",
                    "name": "天水市",
                    "center": [105.724979,34.580885],
                    "level": "city"
                }, {
                    "citycode": "1935",
                    "adcode": "620600",
                    "name": "武威市",
                    "center": [102.638201,37.928267],
                    "level": "city"
                }, {
                    "citycode": "0936",
                    "adcode": "620700",
                    "name": "张掖市",
                    "center": [100.449913,38.925548],
                    "level": "city"
                }, {
                    "citycode": "0933",
                    "adcode": "620800",
                    "name": "平凉市",
                    "center": [106.665061,35.542606],
                    "level": "city"
                }, {
                    "citycode": "0937",
                    "adcode": "620900",
                    "name": "酒泉市",
                    "center": [98.493927,39.732795],
                    "level": "city"
                }, {
                    "citycode": "0934",
                    "adcode": "621000",
                    "name": "庆阳市",
                    "center": [107.643571,35.70898],
                    "level": "city"
                }, {
                    "citycode": "0932",
                    "adcode": "621100",
                    "name": "定西市",
                    "center": [104.592225,35.606978],
                    "level": "city"
                }, {
                    "citycode": "2935",
                    "adcode": "621200",
                    "name": "陇南市",
                    "center": [104.960851,33.37068],
                    "level": "city"
                }, {
                    "citycode": "0930",
                    "adcode": "622900",
                    "name": "临夏回族自治州",
                    "center": [103.210655,35.601352],
                    "level": "city"
                }, {
                    "citycode": "0941",
                    "adcode": "623000",
                    "name": "甘南藏族自治州",
                    "center": [102.910995,34.983409],
                    "level": "city"
                }]
        }, 
        {
            "citycode": [],
            "adcode": "630000",
            "name": "青海省",
            "center": [101.780268,36.620939],
            "level": "province",
            "districts": [{
                "citycode": "0971",
                "adcode": "630100",
                "name": "西宁市",
                "center": [101.778223,36.617134],
                "level": "city"
            }, {
                "citycode": "0972",
                "adcode": "630200",
                "name": "海东市",
                "center": [102.104287,36.502039],
                "level": "city"
            }, {
                "citycode": "0970",
                "adcode": "632200",
                "name": "海北藏族自治州",
                "center": [100.900997,36.954413],
                "level": "city"
            }, {
                "citycode": "0973",
                "adcode": "632300",
                "name": "黄南藏族自治州",
                "center": [102.015248,35.519548],
                "level": "city"
            }, {
                "citycode": "0974",
                "adcode": "632500",
                "name": "海南藏族自治州",
                "center": [100.622692,36.296529],
                "level": "city"
            }, {
                "citycode": "0975",
                "adcode": "632600",
                "name": "果洛藏族自治州",
                "center": [100.244808,34.471431],
                "level": "city"
            }, {
                "citycode": "0976",
                "adcode": "632700",
                "name": "玉树藏族自治州",
                "center": [97.091934,33.011674],
                "level": "city"
            }, {
                "citycode": "0977",
                "adcode": "632800",
                "name": "海西蒙古族藏族自治州",
                "center": [97.369751,37.377139],
                "level": "city"
            }]
        }, 
        {
            "citycode": "1886",
            "adcode": "710000",
            "name": "台湾省",
            "center": [121.509062,25.044332],
            "level": "province",
            "districts": []
        }, 
        {
            "citycode": [],
            "adcode": "150000",
            "name": "内蒙古自治区",
            "center": [111.76629,40.81739],
            "level": "province",
            "districts": [{
                "citycode": "0471",
                "adcode": "150100",
                "name": "呼和浩特市",
                "center": [111.749995,40.842356],
                "level": "city"
            }, {
                "citycode": "0472",
                "adcode": "150200",
                "name": "包头市",
                "center": [109.953504,40.621157],
                "level": "city"
            }, {
                "citycode": "0473",
                "adcode": "150300",
                "name": "乌海市",
                "center": [106.794216,39.655248],
                "level": "city"
            }, {
                "citycode": "0476",
                "adcode": "150400",
                "name": "赤峰市",
                "center": [118.88694,42.257843],
                "level": "city"
            }, {
                "citycode": "0475",
                "adcode": "150500",
                "name": "通辽市",
                "center": [122.243444,43.652889],
                "level": "city"
            }, {
                "citycode": "0477",
                "adcode": "150600",
                "name": "鄂尔多斯市",
                "center": [109.781327,39.608266],
                "level": "city"
            }, {
                "citycode": "0470",
                "adcode": "150700",
                "name": "呼伦贝尔市",
                "center": [119.765558,49.211576],
                "level": "city"
            }, {
                "citycode": "0478",
                "adcode": "150800",
                "name": "巴彦淖尔市",
                "center": [107.387657,40.743213],
                "level": "city"
            }, {
                "citycode": "0474",
                "adcode": "150900",
                "name": "乌兰察布市",
                "center": [113.132584,40.994785],
                "level": "city"
            }, {
                "citycode": "0482",
                "adcode": "152200",
                "name": "兴安盟",
                "center": [122.037657,46.082462],
                "level": "city"
            }, {
                "citycode": "0479",
                "adcode": "152500",
                "name": "锡林郭勒盟",
                "center": [116.048222,43.933454],
                "level": "city"
            }, {
                "citycode": "0483",
                "adcode": "152900",
                "name": "阿拉善盟",
                "center": [105.728957,38.851921],
                "level": "city"
            }]
        }, 
        {
            "citycode": [],
            "adcode": "450000",
            "name": "广西壮族自治区",
            "center": [108.327546,22.815478],
            "level": "province",
            "districts": [{
                "citycode": "0771",
                "adcode": "450100",
                "name": "南宁市",
                "center": [108.366543,22.817002],
                "level": "city"
            }, {
                "citycode": "0772",
                "adcode": "450200",
                "name": "柳州市",
                "center": [109.428608,24.326291],
                "level": "city"
            }, {
                "citycode": "0773",
                "adcode": "450300",
                "name": "桂林市",
                "center": [110.179953,25.234479],
                "level": "city"
            }, {
                "citycode": "0774",
                "adcode": "450400",
                "name": "梧州市",
                "center": [111.279115,23.476962],
                "level": "city"
            }, {
                "citycode": "0779",
                "adcode": "450500",
                "name": "北海市",
                "center": [109.120161,21.481291],
                "level": "city"
            }, {
                "citycode": "0770",
                "adcode": "450600",
                "name": "防城港市",
                "center": [108.353846,21.68686],
                "level": "city"
            }, {
                "citycode": "0777",
                "adcode": "450700",
                "name": "钦州市",
                "center": [108.654146,21.979933],
                "level": "city"
            }, {
                "citycode": "1755",
                "adcode": "450800",
                "name": "贵港市",
                "center": [109.598926,23.11153],
                "level": "city"
            }, {
                "citycode": "0775",
                "adcode": "450900",
                "name": "玉林市",
                "center": [110.18122,22.654032],
                "level": "city"
            }, {
                "citycode": "0776",
                "adcode": "451000",
                "name": "百色市",
                "center": [106.618202,23.90233],
                "level": "city"
            }, {
                "citycode": "1774",
                "adcode": "451100",
                "name": "贺州市",
                "center": [111.566871,24.403528],
                "level": "city"
            }, {
                "citycode": "0778",
                "adcode": "451200",
                "name": "河池市",
                "center": [108.085261,24.692931],
                "level": "city"
            }, {
                "citycode": "1772",
                "adcode": "451300",
                "name": "来宾市",
                "center": [109.221465,23.750306],
                "level": "city"
            }, {
                "citycode": "1771",
                "adcode": "451400",
                "name": "崇左市",
                "center": [107.365094,22.377253],
                "level": "city"
            }]
        }, 
        {
            "citycode": [],
            "adcode": "540000",
            "name": "西藏自治区",
            "center": [91.117525,29.647535],
            "level": "province",
            "districts": [{
                "citycode": "0891",
                "adcode": "540100",
                "name": "拉萨市",
                "center": [91.172148,29.652341],
                "level": "city"
            }, {
                "citycode": "0892",
                "adcode": "540200",
                "name": "日喀则市",
                "center": [88.880583,29.266869],
                "level": "city"
            }, {
                "citycode": "0895",
                "adcode": "540300",
                "name": "昌都市",
                "center": [97.17202,31.140969],
                "level": "city"
            }, {
                "citycode": "0894",
                "adcode": "540400",
                "name": "林芝市",
                "center": [94.36149,29.649128],
                "level": "city"
            }, {
                "citycode": "0893",
                "adcode": "540500",
                "name": "山南市",
                "center": [91.773134,29.237137],
                "level": "city"
            }, {
                "citycode": "0896",
                "adcode": "542400",
                "name": "那曲地区",
                "center": [92.052064,31.476479],
                "level": "city"
            }, {
                "citycode": "0897",
                "adcode": "542500",
                "name": "阿里地区",
                "center": [80.105804,32.501111],
                "level": "city"
            }]
        }, 
        {
            "citycode": [],
            "adcode": "640000",
            "name": "宁夏回族自治区",
            "center": [106.259126,38.472641],
            "level": "province",
            "districts": [{
                "citycode": "0951",
                "adcode": "640100",
                "name": "银川市",
                "center": [106.230909,38.487193],
                "level": "city"
            }, {
                "citycode": "0952",
                "adcode": "640200",
                "name": "石嘴山市",
                "center": [106.383303,38.983236],
                "level": "city"
            }, {
                "citycode": "0953",
                "adcode": "640300",
                "name": "吴忠市",
                "center": [106.198913,37.997428],
                "level": "city"
            }, {
                "citycode": "0954",
                "adcode": "640400",
                "name": "固原市",
                "center": [106.24261,36.015855],
                "level": "city"
            }, {
                "citycode": "1953",
                "adcode": "640500",
                "name": "中卫市",
                "center": [105.196902,37.499972],
                "level": "city"
            }]
        }, 
        {
            "citycode": [],
            "adcode": "650000",
            "name": "新疆维吾尔自治区",
            "center": [87.627704,43.793026],
            "level": "province",
            "districts": [{
                "citycode": "1997",
                "adcode": "659002",
                "name": "阿拉尔市",
                "center": [81.280527,40.547653],
                "level": "city"
            }, {
                "citycode": "1906",
                "adcode": "659005",
                "name": "北屯市",
                "center": [87.837075,47.332643],
                "level": "city"
            }, {
                "citycode": "1999",
                "adcode": "659008",
                "name": "可克达拉市",
                "center": [81.044542,43.944798],
                "level": "city"
            }, {
                "citycode": "1903",
                "adcode": "659009",
                "name": "昆玉市",
                "center": [79.291083,37.209642],
                "level": "city"
            }, {
                "citycode": "0993",
                "adcode": "659001",
                "name": "石河子市",
                "center": [86.080602,44.306097],
                "level": "city"
            }, {
                "citycode": "1909",
                "adcode": "659007",
                "name": "双河市",
                "center": [82.353656,44.840524],
                "level": "city"
            }, {
                "citycode": "0991",
                "adcode": "650100",
                "name": "乌鲁木齐市",
                "center": [87.616848,43.825592],
                "level": "city"
            }, {
                "citycode": "0990",
                "adcode": "650200",
                "name": "克拉玛依市",
                "center": [84.889207,45.579888],
                "level": "city"
            }, {
                "citycode": "0995",
                "adcode": "650400",
                "name": "吐鲁番市",
                "center": [89.189752,42.951303],
                "level": "city"
            }, {
                "citycode": "0902",
                "adcode": "650500",
                "name": "哈密市",
                "center": [93.515224,42.819541],
                "level": "city"
            }, {
                "citycode": "0994",
                "adcode": "652300",
                "name": "昌吉回族自治州",
                "center": [87.308224,44.011182],
                "level": "city"
            }, {
                "citycode": "0909",
                "adcode": "652700",
                "name": "博尔塔拉蒙古自治州",
                "center": [82.066363,44.906039],
                "level": "city"
            }, {
                "citycode": "0996",
                "adcode": "652800",
                "name": "巴音郭楞蒙古自治州",
                "center": [86.145297,41.764115],
                "level": "city"
            }, {
                "citycode": "0997",
                "adcode": "652900",
                "name": "阿克苏地区",
                "center": [80.260605,41.168779],
                "level": "city"
            }, {
                "citycode": "0908",
                "adcode": "653000",
                "name": "克孜勒苏柯尔克孜自治州",
                "center": [76.167819,39.714526],
                "level": "city"
            }, {
                "citycode": "0998",
                "adcode": "653100",
                "name": "喀什地区",
                "center": [75.989741,39.47046],
                "level": "city"
            }, {
                "citycode": "0903",
                "adcode": "653200",
                "name": "和田地区",
                "center": [79.922211,37.114157],
                "level": "city"
            }, {
                "citycode": "0999",
                "adcode": "654000",
                "name": "伊犁哈萨克自治州",
                "center": [81.324136,43.916823],
                "level": "city"
            }, {
                "citycode": "0901",
                "adcode": "654200",
                "name": "塔城地区",
                "center": [82.980316,46.745364],
                "level": "city"
            }, {
                "citycode": "0906",
                "adcode": "654300",
                "name": "阿勒泰地区",
                "center": [88.141253,47.844924],
                "level": "city"
            }, {
                "citycode": "1996",
                "adcode": "659006",
                "name": "铁门关市",
                "center": [85.501217,41.82725],
                "level": "city"
            }, {
                "citycode": "1998",
                "adcode": "659003",
                "name": "图木舒克市",
                "center": [79.073963,39.868965],
                "level": "city"
            }, {
                "citycode": "1994",
                "adcode": "659004",
                "name": "五家渠市",
                "center": [87.54324,44.166756],
                "level": "city"
            }]
        }, 
        {
            "citycode": "1852",
            "adcode": "810000",
            "name": "香港特别行政区",
            "center": [114.171203,22.277468],
            "level": "province",
            "districts": []
        }, 
        {
            "citycode": "1853",
            "adcode": "820000",
            "name": "澳门特别行政区",
            "center": [113.543028,22.186835],
            "level": "province",
            "districts": []
        }
    ]
}