{
    "city": [{
            "name": "华北",
            "sub": [{
                    "name": "北京",
                    "sub": [{
                        "name": "北京"
                    }],
                    "type": 0
                },
                {
                    "name": "内蒙古",
                    "sub": [{
                            "name": "阿拉善盟"
                        },
                        {
                            "name": "巴彦淖尔盟"
                        },
                        {
                            "name": "包头"
                        },
                        {
                            "name": "赤峰"
                        },
                        {
                            "name": "鄂尔多斯"
                        },
                        {
                            "name": "呼和浩特"
                        },
                        {
                            "name": "呼伦贝尔"
                        },
                        {
                            "name": "通辽"
                        },
                        {
                            "name": "乌海"
                        },
                        {
                            "name": "乌兰察布盟"
                        },
                        {
                            "name": "锡林郭勒盟"
                        },
                        {
                            "name": "兴安盟"
                        }
                    ],
                    "type": 0
                },
                {
                    "name": "山西",
                    "sub": [{
                            "name": "长治"
                        },
                        {
                            "name": "大同"
                        },
                        {
                            "name": "晋城"
                        },
                        {
                            "name": "晋中"
                        },
                        {
                            "name": "临汾"
                        },
                        {
                            "name": "吕梁"
                        },
                        {
                            "name": "朔州"
                        },
                        {
                            "name": "太原"
                        },
                        {
                            "name": "忻州"
                        },
                        {
                            "name": "阳泉"
                        },
                        {
                            "name": "运城"
                        }
                    ],
                    "type": 0
                },
                {
                    "name": "河北",
                    "sub": [{
                            "name": "保定"
                        },
                        {
                            "name": "沧州"
                        },
                        {
                            "name": "承德"
                        },
                        {
                            "name": "邯郸"
                        },
                        {
                            "name": "衡水"
                        },
                        {
                            "name": "廊坊"
                        },
                        {
                            "name": "秦皇岛"
                        },
                        {
                            "name": "石家庄"
                        },
                        {
                            "name": "唐山"
                        },
                        {
                            "name": "邢台"
                        },
                        {
                            "name": "张家口"
                        }
                    ],
                    "type": 0
                },
                {
                    "name": "天津",
                    "sub": [{
                        "name": "天津"
                    }],
                    "type": 0
                }
            ],
            "type": 1
        },
        {
            "name": "西北",
            "sub": [{
                    "name": "宁夏",
                    "sub": [{
                            "name": "固原"
                        },
                        {
                            "name": "石嘴山"
                        },
                        {
                            "name": "吴忠"
                        },
                        {
                            "name": "银川"
                        }
                    ],
                    "type": 0
                },
                {
                    "name": "陕西",
                    "sub": [{
                            "name": "安康"
                        },
                        {
                            "name": "宝鸡"
                        },
                        {
                            "name": "汉中"
                        },
                        {
                            "name": "商洛"
                        },
                        {
                            "name": "铜川"
                        },
                        {
                            "name": "渭南"
                        },
                        {
                            "name": "西安"
                        },
                        {
                            "name": "咸阳"
                        },
                        {
                            "name": "延安"
                        },
                        {
                            "name": "榆林"
                        }
                    ],
                    "type": 0
                },
                {
                    "name": "甘肃",
                    "sub": [{
                            "name": "白银"
                        },
                        {
                            "name": "定西"
                        },
                        {
                            "name": "甘南藏族自治州"
                        },
                        {
                            "name": "嘉峪关"
                        },
                        {
                            "name": "金昌"
                        },
                        {
                            "name": "酒泉"
                        },
                        {
                            "name": "兰州"
                        },
                        {
                            "name": "临夏回族自治州"
                        },
                        {
                            "name": "陇南"
                        },
                        {
                            "name": "平凉"
                        },
                        {
                            "name": "庆阳"
                        },
                        {
                            "name": "天水"
                        },
                        {
                            "name": "武威"
                        },
                        {
                            "name": "张掖"
                        }
                    ],
                    "type": 0
                },
                {
                    "name": "青海",
                    "sub": [{
                            "name": "果洛藏族自治州"
                        },
                        {
                            "name": "海北藏族自治州"
                        },
                        {
                            "name": "海东"
                        },
                        {
                            "name": "海南藏族自治州"
                        },
                        {
                            "name": "海西蒙古族藏族自治州"
                        },
                        {
                            "name": "黄南藏族自治州"
                        },
                        {
                            "name": "黄南藏族自治州"
                        },
                        {
                            "name": "玉树藏族自治州"
                        }
                    ],
                    "type": 0
                },
                {
                    "name": "新疆",
                    "sub": [{
                            "name": "阿克苏"
                        },
                        {
                            "name": "阿拉尔"
                        },
                        {
                            "name": "巴音郭楞蒙古自治州"
                        },
                        {
                            "name": "博尔塔拉蒙古自治州"
                        },
                        {
                            "name": "昌吉回族自治州"
                        },
                        {
                            "name": "哈密"
                        },
                        {
                            "name": "和田"
                        },
                        {
                            "name": "喀什"
                        },
                        {
                            "name": "克拉玛依"
                        },
                        {
                            "name": "克孜勒苏柯尔克孜自治州"
                        },
                        {
                            "name": "石河子"
                        },
                        {
                            "name": "图木舒克"
                        },
                        {
                            "name": "吐鲁番"
                        },
                        {
                            "name": "乌鲁木齐"
                        },
                        {
                            "name": "五家渠"
                        },
                        {
                            "name": "伊犁哈萨克自治州"
                        }
                    ],
                    "type": 0
                }
            ],
            "type": 1
        },
        {
            "name": "东北",
            "sub": [{
                    "name": "黑龙江",
                    "sub": [{
                            "name": "大庆"
                        },
                        {
                            "name": "大兴安岭"
                        },
                        {
                            "name": "哈尔滨"
                        },
                        {
                            "name": "鹤岗"
                        },
                        {
                            "name": "黑河"
                        },
                        {
                            "name": "鸡西"
                        },
                        {
                            "name": "佳木斯"
                        },
                        {
                            "name": "牡丹江"
                        },
                        {
                            "name": "七台河"
                        },
                        {
                            "name": "齐齐哈尔"
                        },
                        {
                            "name": "双鸭山"
                        },
                        {
                            "name": "绥化"
                        },
                        {
                            "name": "伊春"
                        }
                    ],
                    "type": 0
                },
                {
                    "name": "吉林",
                    "sub": [{
                            "name": "白城"
                        },
                        {
                            "name": "白山"
                        },
                        {
                            "name": "长春"
                        },
                        {
                            "name": "吉林"
                        },
                        {
                            "name": "辽源"
                        },
                        {
                            "name": "四平"
                        },
                        {
                            "name": "松原"
                        },
                        {
                            "name": "通化"
                        },
                        {
                            "name": "延边朝鲜族自治州"
                        }
                    ],
                    "type": 0
                },
                {
                    "name": "辽宁",
                    "sub": [{
                            "name": "鞍山"
                        },
                        {
                            "name": "本溪"
                        },
                        {
                            "name": "朝阳"
                        },
                        {
                            "name": "大连"
                        },
                        {
                            "name": "丹东"
                        },
                        {
                            "name": "抚顺"
                        },
                        {
                            "name": "阜新"
                        },
                        {
                            "name": "葫芦岛"
                        },
                        {
                            "name": "锦州"
                        },
                        {
                            "name": "辽阳"
                        },
                        {
                            "name": "盘锦"
                        },
                        {
                            "name": "沈阳"
                        },
                        {
                            "name": "铁岭"
                        },
                        {
                            "name": "营口"
                        }
                    ],
                    "type": 0
                }
            ],
            "type": 1
        },
        {
            "name": "华东",
            "sub": [{
                    "name": "福建",
                    "sub": [{
                            "name": "福州"
                        },
                        {
                            "name": "龙岩"
                        },
                        {
                            "name": "南平"
                        },
                        {
                            "name": "宁德"
                        },
                        {
                            "name": "莆田"
                        },
                        {
                            "name": "泉州"
                        },
                        {
                            "name": "三明"
                        },
                        {
                            "name": "厦门"
                        },
                        {
                            "name": "漳州"
                        }
                    ],
                    "type": 0
                },
                {
                    "name": "江苏",
                    "sub": [{
                            "name": "常州"
                        },
                        {
                            "name": "淮安"
                        },
                        {
                            "name": "连云港"
                        },
                        {
                            "name": "南京"
                        },
                        {
                            "name": "南通"
                        },
                        {
                            "name": "苏州"
                        },
                        {
                            "name": "宿迁"
                        },
                        {
                            "name": "泰州"
                        },
                        {
                            "name": "无锡"
                        },
                        {
                            "name": "无锡"
                        },
                        {
                            "name": "盐城"
                        },
                        {
                            "name": "扬州"
                        },
                        {
                            "name": "镇江"
                        }
                    ],
                    "type": 0
                },
                {
                    "name": "安徽",
                    "sub": [{
                            "name": "安庆"
                        },
                        {
                            "name": "蚌埠"
                        },
                        {
                            "name": "巢湖"
                        },
                        {
                            "name": "池州"
                        },
                        {
                            "name": "滁州"
                        },
                        {
                            "name": "阜阳"
                        },
                        {
                            "name": "合肥"
                        },
                        {
                            "name": "淮北"
                        },
                        {
                            "name": "淮南"
                        },
                        {
                            "name": "黄山"
                        },
                        {
                            "name": "六安"
                        },
                        {
                            "name": "马鞍山"
                        },
                        {
                            "name": "宿州"
                        },
                        {
                            "name": "铜陵"
                        },
                        {
                            "name": "芜湖"
                        },
                        {
                            "name": "宣城"
                        },
                        {
                            "name": "亳州"
                        }
                    ],
                    "type": 0
                },
                {
                    "name": "山东",
                    "sub": [{
                            "name": "滨州"
                        },
                        {
                            "name": "德州"
                        },
                        {
                            "name": "东营"
                        },
                        {
                            "name": "菏泽"
                        },
                        {
                            "name": "菏泽"
                        },
                        {
                            "name": "济宁"
                        },
                        {
                            "name": "莱芜"
                        },
                        {
                            "name": "聊城"
                        },
                        {
                            "name": "临沂"
                        },
                        {
                            "name": "青岛"
                        },
                        {
                            "name": "日照"
                        },
                        {
                            "name": "泰安"
                        },
                        {
                            "name": "威海"
                        },
                        {
                            "name": "潍坊"
                        },
                        {
                            "name": "烟台"
                        },
                        {
                            "name": "枣庄"
                        },
                        {
                            "name": "淄博"
                        }
                    ],
                    "type": 0
                },
                {
                    "name": "上海",
                    "sub": [{
                        "name": "上海"
                    }],
                    "type": 0
                },
                {
                    "name": "浙江",
                    "sub": [{
                            "name": "杭州"
                        },
                        {
                            "name": "湖州"
                        },
                        {
                            "name": "嘉兴"
                        },
                        {
                            "name": "金华"
                        },
                        {
                            "name": "丽水"
                        },
                        {
                            "name": "宁波"
                        },
                        {
                            "name": "绍兴"
                        },
                        {
                            "name": "台州"
                        },
                        {
                            "name": "温州"
                        },
                        {
                            "name": "舟山"
                        },
                        {
                            "name": "衢州"
                        }
                    ],
                    "type": 0
                }
            ],
            "type": 1
        },
        {
            "name": "华中",
            "sub": [{
                    "name": "河南",
                    "sub": [{
                            "name": "安阳"
                        },
                        {
                            "name": "鹤壁"
                        },
                        {
                            "name": "济源"
                        },
                        {
                            "name": "焦作"
                        },
                        {
                            "name": "开封"
                        },
                        {
                            "name": "洛阳"
                        },
                        {
                            "name": "南阳"
                        },
                        {
                            "name": "平顶山"
                        },
                        {
                            "name": "三门峡"
                        },
                        {
                            "name": "商丘"
                        },
                        {
                            "name": "新乡"
                        },
                        {
                            "name": "信阳"
                        },
                        {
                            "name": "许昌"
                        },
                        {
                            "name": "郑州"
                        },
                        {
                            "name": "周口"
                        },
                        {
                            "name": "驻马店"
                        },
                        {
                            "name": "漯河"
                        },
                        {
                            "name": "濮阳"
                        }
                    ],
                    "type": 0
                },
                {
                    "name": "湖北",
                    "sub": [{
                            "name": "鄂州"
                        },
                        {
                            "name": "恩施土家族苗族自治州"
                        },
                        {
                            "name": "黄冈"
                        },
                        {
                            "name": "黄石"
                        },
                        {
                            "name": "荆门"
                        },
                        {
                            "name": "荆州"
                        },
                        {
                            "name": "潜江"
                        },
                        {
                            "name": "神农架林区"
                        },
                        {
                            "name": "十堰"
                        },
                        {
                            "name": "随州"
                        },
                        {
                            "name": "天门"
                        },
                        {
                            "name": "武汉"
                        },
                        {
                            "name": "仙桃"
                        },
                        {
                            "name": "咸宁"
                        },
                        {
                            "name": "襄樊"
                        },
                        {
                            "name": "孝感"
                        },
                        {
                            "name": "宜昌"
                        }
                    ],
                    "type": 0
                },
                {
                    "name": "江西",
                    "sub": [{
                            "name": "抚州"
                        },
                        {
                            "name": "赣州"
                        },
                        {
                            "name": "吉安"
                        },
                        {
                            "name": "景德镇"
                        },
                        {
                            "name": "九江"
                        },
                        {
                            "name": "南昌"
                        },
                        {
                            "name": "萍乡"
                        },
                        {
                            "name": "上饶"
                        },
                        {
                            "name": "新余"
                        },
                        {
                            "name": "宜春"
                        },
                        {
                            "name": "鹰潭"
                        }
                    ],
                    "type": 0
                },
                {
                    "name": "湖南",
                    "sub": [{
                            "name": "常德"
                        },
                        {
                            "name": "长沙"
                        },
                        {
                            "name": "郴州"
                        },
                        {
                            "name": "衡阳"
                        },
                        {
                            "name": "怀化"
                        },
                        {
                            "name": "娄底"
                        },
                        {
                            "name": "邵阳"
                        },
                        {
                            "name": "湘潭"
                        },
                        {
                            "name": "湘西土家族苗族自治州"
                        },
                        {
                            "name": "益阳"
                        },
                        {
                            "name": "永州"
                        },
                        {
                            "name": "岳阳"
                        },
                        {
                            "name": "张家界"
                        },
                        {
                            "name": "株洲"
                        }
                    ],
                    "type": 0
                }
            ],
            "type": 1
        },
        {
            "name": "西南",
            "sub": [{
                    "name": "贵州",
                    "sub": [{
                            "name": "安顺"
                        },
                        {
                            "name": "毕节"
                        },
                        {
                            "name": "贵阳"
                        },
                        {
                            "name": "六盘水"
                        },
                        {
                            "name": "黔东南苗族侗族自治州"
                        },
                        {
                            "name": "黔南布依族苗族自治州"
                        },
                        {
                            "name": "黔西南布依族苗族自治州"
                        },
                        {
                            "name": "铜仁"
                        },
                        {
                            "name": "遵义"
                        }
                    ],
                    "type": 0
                },
                {
                    "name": "云南",
                    "sub": [{
                            "name": "保山"
                        },
                        {
                            "name": "楚雄彝族自治州"
                        },
                        {
                            "name": "大理白族自治州"
                        },
                        {
                            "name": "德宏傣族景颇族自治州"
                        },
                        {
                            "name": "迪庆藏族自治州"
                        },
                        {
                            "name": "红河哈尼族彝族自治州"
                        },
                        {
                            "name": "昆明"
                        },
                        {
                            "name": "丽江"
                        },
                        {
                            "name": "临沧"
                        },
                        {
                            "name": "怒江傈傈族自治州"
                        },
                        {
                            "name": "曲靖"
                        },
                        {
                            "name": "思茅"
                        },
                        {
                            "name": "文山壮族苗族自治州"
                        },
                        {
                            "name": "西双版纳傣族自治州"
                        },
                        {
                            "name": "玉溪"
                        },
                        {
                            "name": "昭通"
                        }
                    ],
                    "type": 0
                },
                {
                    "name": "重庆",
                    "sub": [{
                        "name": "重庆"
                    }],
                    "type": 0
                },
                {
                    "name": "四川",
                    "sub": [{
                            "name": "阿坝藏族羌族自治州"
                        },
                        {
                            "name": "巴中"
                        },
                        {
                            "name": "成都"
                        },
                        {
                            "name": "达州"
                        },
                        {
                            "name": "德阳"
                        },
                        {
                            "name": "甘孜藏族自治州"
                        },
                        {
                            "name": "广安"
                        },
                        {
                            "name": "广元"
                        },
                        {
                            "name": "乐山"
                        },
                        {
                            "name": "凉山彝族自治州"
                        },
                        {
                            "name": "眉山"
                        },
                        {
                            "name": "绵阳"
                        },
                        {
                            "name": "南充"
                        },
                        {
                            "name": "内江"
                        },
                        {
                            "name": "攀枝花"
                        },
                        {
                            "name": "遂宁"
                        },
                        {
                            "name": "雅安"
                        },
                        {
                            "name": "宜宾"
                        },
                        {
                            "name": "资阳"
                        },
                        {
                            "name": "自贡"
                        },
                        {
                            "name": "泸州"
                        }
                    ],
                    "type": 0
                },
                {
                    "name": "西藏",
                    "sub": [{
                            "name": "阿里"
                        },
                        {
                            "name": "昌都"
                        },
                        {
                            "name": "拉萨"
                        },
                        {
                            "name": "林芝"
                        },
                        {
                            "name": "那曲"
                        },
                        {
                            "name": "日喀则"
                        },
                        {
                            "name": "山南"
                        }
                    ],
                    "type": 0
                }
            ],
            "type": 1
        },
        {
            "name": "华南",
            "sub": [{
                    "name": "广东",
                    "sub": [{
                            "name": "广州"
                        },
                        {
                            "name": "深圳"
                        },
                        {
                            "name": "珠海"
                        },
                        {
                            "name": "汕头"
                        },
                        {
                            "name": "韶关"
                        },
                        {
                            "name": "佛山"
                        },
                        {
                            "name": "江门"
                        },
                        {
                            "name": "湛江"
                        },
                        {
                            "name": "茂名"
                        },
                        {
                            "name": "肇庆"
                        },
                        {
                            "name": "惠州"
                        },
                        {
                            "name": "梅州"
                        },
                        {
                            "name": "汕尾"
                        },
                        {
                            "name": "河源"
                        },
                        {
                            "name": "阳江"
                        },
                        {
                            "name": "清远"
                        },
                        {
                            "name": "东莞"
                        },
                        {
                            "name": "中山"
                        },
                        {
                            "name": "潮州"
                        },
                        {
                            "name": "揭阳"
                        },
                        {
                            "name": "云浮"
                        }
                    ],
                    "type": 0
                },
                {
                    "name": "广西",
                    "sub": [{
                            "name": "百色"
                        },
                        {
                            "name": "北海"
                        },
                        {
                            "name": "崇左"
                        },
                        {
                            "name": "防城港"
                        },
                        {
                            "name": "桂林"
                        },
                        {
                            "name": "贵港"
                        },
                        {
                            "name": "河池"
                        },
                        {
                            "name": "贺州"
                        },
                        {
                            "name": "来宾"
                        },
                        {
                            "name": "柳州"
                        },
                        {
                            "name": "南宁"
                        },
                        {
                            "name": "钦州"
                        },
                        {
                            "name": "梧州"
                        },
                        {
                            "name": "玉林"
                        }
                    ],
                    "type": 0
                },
                {
                    "name": "海南",
                    "sub": [{
                            "name": "白沙黎族自治县"
                        },
                        {
                            "name": "保亭黎族苗族自治县"
                        },
                        {
                            "name": "昌江黎族自治县"
                        },
                        {
                            "name": "澄迈县"
                        },
                        {
                            "name": "定安县"
                        },
                        {
                            "name": "东方"
                        },
                        {
                            "name": "海口"
                        },
                        {
                            "name": "乐东黎族自治县"
                        },
                        {
                            "name": "临高县"
                        },
                        {
                            "name": "陵水黎族自治县"
                        },
                        {
                            "name": "琼海"
                        },
                        {
                            "name": "琼中黎族苗族自治县"
                        },
                        {
                            "name": "三亚"
                        },
                        {
                            "name": "屯昌县"
                        },
                        {
                            "name": "万宁"
                        },
                        {
                            "name": "文昌"
                        },
                        {
                            "name": "五指山"
                        },
                        {
                            "name": "儋州"
                        }
                    ],
                    "type": 0
                }
            ],
            "type": 1
        },
        {
            "name": "其他",
            "sub": [{
                    "name": "香港",
                    "sub": [{
                        "name": "香港"
                    }],
                    "type": 0
                },
                {
                    "name": "澳门",
                    "sub": [{
                        "name": "澳门"
                    }],
                    "type": 0
                },
                {
                    "name": "台湾",
                    "sub": [{
                        "name": "台湾"
                    }],
                    "type": 0
                }
            ],
            "type": 1
        }
    ]
}