{
    "北京": {
        "name": "北京",
        "level": "1",
        "code": "1100",
        "cities": [{
            "name": "北京",
            "level": "1",
            "code": "1100"
        }]
    },
    "天津": {
        "name": "天津",
        "level": "1",
        "code": "1200",
        "cities": [{
            "name": "天津",
            "level": "1",
            "code": "1200"
        }]
    },
    "河北": {
        "name": "河北",
        "level": "1",
        "code": "1300",
        "cities": [{
                "name": "石家庄",
                "level": "2",
                "code": "1301"
            },
            {
                "name": "唐山",
                "level": "3",
                "code": "1302"
            },
            {
                "name": "秦皇岛",
                "level": "3",
                "code": "1303"
            },
            {
                "name": "邯郸",
                "level": "3",
                "code": "1304"
            },
            {
                "name": "邢台",
                "level": "3",
                "code": "1305"
            },
            {
                "name": "保定",
                "level": "3",
                "code": "1306"
            },
            {
                "name": "张家口",
                "level": "3",
                "code": "1307"
            },
            {
                "name": "承德",
                "level": "3",
                "code": "1308"
            },
            {
                "name": "沧州",
                "level": "3",
                "code": "1309"
            },
            {
                "name": "廊坊",
                "level": "3",
                "code": "1310"
            },
            {
                "name": "衡水",
                "level": "3",
                "code": "1311"
            }
        ]
    },
    "山西": {
        "name": "山西",
        "level": "1",
        "code": "1400",
        "cities": [{
                "name": "太原",
                "level": "2",
                "code": "1401"
            },
            {
                "name": "大同",
                "level": "3",
                "code": "1402"
            },
            {
                "name": "阳泉",
                "level": "3",
                "code": "1403"
            },
            {
                "name": "长治",
                "level": "3",
                "code": "1404"
            },
            {
                "name": "晋城",
                "level": "3",
                "code": "1405"
            },
            {
                "name": "朔州",
                "level": "3",
                "code": "1406"
            },
            {
                "name": "晋中",
                "level": "3",
                "code": "1407"
            },
            {
                "name": "运城",
                "level": "3",
                "code": "1408"
            },
            {
                "name": "忻州",
                "level": "3",
                "code": "1409"
            },
            {
                "name": "临汾",
                "level": "3",
                "code": "1410"
            },
            {
                "name": "吕梁",
                "level": "3",
                "code": "1411"
            }
        ]
    },
    "内蒙古": {
        "name": "内蒙古",
        "level": "1",
        "code": "1500",
        "cities": [{
                "name": "呼和浩特",
                "level": "2",
                "code": "1501"
            },
            {
                "name": "包头",
                "level": "3",
                "code": "1502"
            },
            {
                "name": "乌海",
                "level": "3",
                "code": "1503"
            },
            {
                "name": "赤峰",
                "level": "3",
                "code": "1504"
            },
            {
                "name": "通辽",
                "level": "3",
                "code": "1505"
            },
            {
                "name": "鄂尔多斯",
                "level": "3",
                "code": "1506"
            },
            {
                "name": "呼伦贝尔",
                "level": "3",
                "code": "1507"
            },
            {
                "name": "巴彦淖尔",
                "level": "3",
                "code": "1508"
            },
            {
                "name": "乌兰察布",
                "level": "3",
                "code": "1509"
            },
            {
                "name": "兴安盟",
                "level": "3",
                "code": "1522"
            },
            {
                "name": "锡林郭勒盟",
                "level": "3",
                "code": "1525"
            },
            {
                "name": "阿拉善盟",
                "level": "3",
                "code": "1529"
            }
        ]
    },
    "辽宁": {
        "name": "辽宁",
        "level": "1",
        "code": "2100",
        "cities": [{
                "name": "沈阳",
                "level": "2",
                "code": "2101"
            },
            {
                "name": "大连",
                "level": "3",
                "code": "2102"
            },
            {
                "name": "鞍山",
                "level": "3",
                "code": "2103"
            },
            {
                "name": "抚顺",
                "level": "3",
                "code": "2104"
            },
            {
                "name": "本溪",
                "level": "3",
                "code": "2105"
            },
            {
                "name": "丹东",
                "level": "3",
                "code": "2106"
            },
            {
                "name": "锦州",
                "level": "3",
                "code": "2107"
            },
            {
                "name": "营口",
                "level": "3",
                "code": "2108"
            },
            {
                "name": "阜新",
                "level": "3",
                "code": "2109"
            },
            {
                "name": "辽阳",
                "level": "3",
                "code": "2110"
            },
            {
                "name": "盘锦",
                "level": "3",
                "code": "2111"
            },
            {
                "name": "铁岭",
                "level": "3",
                "code": "2112"
            },
            {
                "name": "朝阳",
                "level": "3",
                "code": "2113"
            },
            {
                "name": "葫芦岛",
                "level": "3",
                "code": "2114"
            }
        ]
    },
    "吉林": {
        "name": "吉林",
        "level": "1",
        "code": "2200",
        "cities": [{
                "name": "长春",
                "level": "2",
                "code": "2201"
            },
            {
                "name": "吉林",
                "level": "3",
                "code": "2202"
            },
            {
                "name": "四平",
                "level": "3",
                "code": "2203"
            },
            {
                "name": "辽源",
                "level": "3",
                "code": "2204"
            },
            {
                "name": "通化",
                "level": "3",
                "code": "2205"
            },
            {
                "name": "白山",
                "level": "3",
                "code": "2206"
            },
            {
                "name": "松原",
                "level": "3",
                "code": "2207"
            },
            {
                "name": "白城",
                "level": "3",
                "code": "2208"
            },
            {
                "name": "延边朝鲜族自治州",
                "level": "3",
                "code": "2224"
            }
        ]
    },
    "黑龙江": {
        "name": "黑龙江",
        "level": "1",
        "code": "2300",
        "cities": [{
                "name": "哈尔滨",
                "level": "2",
                "code": "2301"
            },
            {
                "name": "齐齐哈尔",
                "level": "3",
                "code": "2302"
            },
            {
                "name": "鸡西",
                "level": "3",
                "code": "2303"
            },
            {
                "name": "鹤岗",
                "level": "3",
                "code": "2304"
            },
            {
                "name": "双鸭山",
                "level": "3",
                "code": "2305"
            },
            {
                "name": "大庆",
                "level": "3",
                "code": "2306"
            },
            {
                "name": "伊春",
                "level": "3",
                "code": "2307"
            },
            {
                "name": "佳木斯",
                "level": "3",
                "code": "2308"
            },
            {
                "name": "七台河",
                "level": "3",
                "code": "2309"
            },
            {
                "name": "牡丹江",
                "level": "3",
                "code": "2310"
            },
            {
                "name": "黑河",
                "level": "3",
                "code": "2311"
            },
            {
                "name": "绥化",
                "level": "3",
                "code": "2312"
            },
            {
                "name": "大兴安岭地区",
                "level": "3",
                "code": "2327"
            }
        ]
    },
    "上海": {
        "name": "上海",
        "level": "1",
        "code": "3100",
        "cities": [{
            "name": "上海",
            "level": "1",
            "code": "3100"
        }]
    },
    "江苏": {
        "name": "江苏",
        "level": "1",
        "code": "3200",
        "cities": [{
                "name": "南京",
                "level": "2",
                "code": "3201"
            },
            {
                "name": "无锡",
                "level": "3",
                "code": "3202"
            },
            {
                "name": "徐州",
                "level": "3",
                "code": "3203"
            },
            {
                "name": "常州",
                "level": "3",
                "code": "3204"
            },
            {
                "name": "苏州",
                "level": "3",
                "code": "3205"
            },
            {
                "name": "南通",
                "level": "3",
                "code": "3206"
            },
            {
                "name": "连云港",
                "level": "3",
                "code": "3207"
            },
            {
                "name": "淮安",
                "level": "3",
                "code": "3208"
            },
            {
                "name": "盐城",
                "level": "3",
                "code": "3209"
            },
            {
                "name": "扬州",
                "level": "3",
                "code": "3210"
            },
            {
                "name": "镇江",
                "level": "3",
                "code": "3211"
            },
            {
                "name": "泰州",
                "level": "3",
                "code": "3212"
            },
            {
                "name": "宿迁",
                "level": "3",
                "code": "3213"
            }
        ]
    },
    "浙江": {
        "name": "浙江",
        "level": "1",
        "code": "3300",
        "cities": [{
                "name": "杭州",
                "level": "2",
                "code": "3301"
            },
            {
                "name": "宁波",
                "level": "3",
                "code": "3302"
            },
            {
                "name": "温州",
                "level": "3",
                "code": "3303"
            },
            {
                "name": "嘉兴",
                "level": "3",
                "code": "3304"
            },
            {
                "name": "湖州",
                "level": "3",
                "code": "3305"
            },
            {
                "name": "绍兴",
                "level": "3",
                "code": "3306"
            },
            {
                "name": "金华",
                "level": "3",
                "code": "3307"
            },
            {
                "name": "衢州",
                "level": "3",
                "code": "3308"
            },
            {
                "name": "舟山",
                "level": "3",
                "code": "3309"
            },
            {
                "name": "台州",
                "level": "3",
                "code": "3310"
            },
            {
                "name": "丽水",
                "level": "3",
                "code": "3311"
            }
        ]
    },
    "安徽": {
        "name": "安徽",
        "level": "1",
        "code": "3400",
        "cities": [{
                "name": "合肥",
                "level": "2",
                "code": "3401"
            },
            {
                "name": "芜湖",
                "level": "3",
                "code": "3402"
            },
            {
                "name": "蚌埠",
                "level": "3",
                "code": "3403"
            },
            {
                "name": "淮南",
                "level": "3",
                "code": "3404"
            },
            {
                "name": "马鞍山",
                "level": "3",
                "code": "3405"
            },
            {
                "name": "淮北",
                "level": "3",
                "code": "3406"
            },
            {
                "name": "铜陵",
                "level": "3",
                "code": "3407"
            },
            {
                "name": "安庆",
                "level": "3",
                "code": "3408"
            },
            {
                "name": "黄山",
                "level": "3",
                "code": "3410"
            },
            {
                "name": "滁州",
                "level": "3",
                "code": "3411"
            },
            {
                "name": "阜阳",
                "level": "3",
                "code": "3412"
            },
            {
                "name": "宿州",
                "level": "3",
                "code": "3413"
            },
            {
                "name": "巢湖",
                "level": "3",
                "code": "3414"
            },
            {
                "name": "六安",
                "level": "3",
                "code": "3415"
            },
            {
                "name": "亳州",
                "level": "3",
                "code": "3416"
            },
            {
                "name": "池州",
                "level": "3",
                "code": "3417"
            },
            {
                "name": "宣城",
                "level": "3",
                "code": "3418"
            }
        ]
    },
    "福建": {
        "name": "福建",
        "level": "1",
        "code": "3500",
        "cities": [{
                "name": "福州",
                "level": "2",
                "code": "3501"
            },
            {
                "name": "厦门",
                "level": "3",
                "code": "3502"
            },
            {
                "name": "莆田",
                "level": "3",
                "code": "3503"
            },
            {
                "name": "三明",
                "level": "3",
                "code": "3504"
            },
            {
                "name": "泉州",
                "level": "3",
                "code": "3505"
            },
            {
                "name": "漳州",
                "level": "3",
                "code": "3506"
            },
            {
                "name": "南平",
                "level": "3",
                "code": "3507"
            },
            {
                "name": "龙岩",
                "level": "3",
                "code": "3508"
            },
            {
                "name": "宁德",
                "level": "3",
                "code": "3509"
            }
        ]
    },
    "江西": {
        "name": "江西",
        "level": "1",
        "code": "3600",
        "cities": [{
                "name": "南昌",
                "level": "2",
                "code": "3601"
            },
            {
                "name": "景德镇",
                "level": "3",
                "code": "3602"
            },
            {
                "name": "萍乡",
                "level": "3",
                "code": "3603"
            },
            {
                "name": "九江",
                "level": "3",
                "code": "3604"
            },
            {
                "name": "新余",
                "level": "3",
                "code": "3605"
            },
            {
                "name": "鹰潭",
                "level": "3",
                "code": "3606"
            },
            {
                "name": "赣州",
                "level": "3",
                "code": "3607"
            },
            {
                "name": "吉安",
                "level": "3",
                "code": "3608"
            },
            {
                "name": "宜春",
                "level": "3",
                "code": "3609"
            },
            {
                "name": "抚州",
                "level": "3",
                "code": "3610"
            },
            {
                "name": "上饶",
                "level": "3",
                "code": "3611"
            }
        ]
    },
    "山东": {
        "name": "山东",
        "level": "1",
        "code": "3700",
        "cities": [{
                "name": "济南",
                "level": "2",
                "code": "3701"
            },
            {
                "name": "青岛",
                "level": "3",
                "code": "3702"
            },
            {
                "name": "淄博",
                "level": "3",
                "code": "3703"
            },
            {
                "name": "枣庄",
                "level": "3",
                "code": "3704"
            },
            {
                "name": "东营",
                "level": "3",
                "code": "3705"
            },
            {
                "name": "烟台",
                "level": "3",
                "code": "3706"
            },
            {
                "name": "潍坊",
                "level": "3",
                "code": "3707"
            },
            {
                "name": "济宁",
                "level": "3",
                "code": "3708"
            },
            {
                "name": "泰安",
                "level": "3",
                "code": "3709"
            },
            {
                "name": "威海",
                "level": "3",
                "code": "3710"
            },
            {
                "name": "日照",
                "level": "3",
                "code": "3711"
            },
            {
                "name": "莱芜",
                "level": "3",
                "code": "3712"
            },
            {
                "name": "临沂",
                "level": "3",
                "code": "3713"
            },
            {
                "name": "德州",
                "level": "3",
                "code": "3714"
            },
            {
                "name": "聊城",
                "level": "3",
                "code": "3715"
            },
            {
                "name": "滨州",
                "level": "3",
                "code": "3716"
            },
            {
                "name": "菏泽",
                "level": "3",
                "code": "3717"
            }
        ]
    },
    "河南": {
        "name": "河南",
        "level": "1",
        "code": "4100",
        "cities": [{
                "name": "郑州",
                "level": "2",
                "code": "4101"
            },
            {
                "name": "开封",
                "level": "3",
                "code": "4102"
            },
            {
                "name": "洛阳",
                "level": "3",
                "code": "4103"
            },
            {
                "name": "平顶山",
                "level": "3",
                "code": "4104"
            },
            {
                "name": "安阳",
                "level": "3",
                "code": "4105"
            },
            {
                "name": "鹤壁",
                "level": "3",
                "code": "4106"
            },
            {
                "name": "新乡",
                "level": "3",
                "code": "4107"
            },
            {
                "name": "焦作",
                "level": "3",
                "code": "4108"
            },
            {
                "name": "濮阳",
                "level": "3",
                "code": "4109"
            },
            {
                "name": "许昌",
                "level": "3",
                "code": "4110"
            },
            {
                "name": "漯河",
                "level": "3",
                "code": "4111"
            },
            {
                "name": "三门峡",
                "level": "3",
                "code": "4112"
            },
            {
                "name": "南阳",
                "level": "3",
                "code": "4113"
            },
            {
                "name": "商丘",
                "level": "3",
                "code": "4114"
            },
            {
                "name": "信阳",
                "level": "3",
                "code": "4115"
            },
            {
                "name": "周口",
                "level": "3",
                "code": "4116"
            },
            {
                "name": "驻马店",
                "level": "3",
                "code": "4117"
            }
        ]
    },
    "湖北": {
        "name": "湖北",
        "level": "1",
        "code": "4200",
        "cities": [{
                "name": "武汉",
                "level": "2",
                "code": "4201"
            },
            {
                "name": "黄石",
                "level": "3",
                "code": "4202"
            },
            {
                "name": "十堰",
                "level": "3",
                "code": "4203"
            },
            {
                "name": "宜昌",
                "level": "3",
                "code": "4205"
            },
            {
                "name": "襄樊",
                "level": "3",
                "code": "4206"
            },
            {
                "name": "鄂州",
                "level": "3",
                "code": "4207"
            },
            {
                "name": "荆门",
                "level": "3",
                "code": "4208"
            },
            {
                "name": "孝感",
                "level": "3",
                "code": "4209"
            },
            {
                "name": "荆州",
                "level": "3",
                "code": "4210"
            },
            {
                "name": "黄冈",
                "level": "3",
                "code": "4211"
            },
            {
                "name": "咸宁",
                "level": "3",
                "code": "4212"
            },
            {
                "name": "随州",
                "level": "3",
                "code": "4213"
            },
            {
                "name": "恩施土家族苗族自治州",
                "level": "3",
                "code": "4228"
            }
        ]
    },
    "湖南": {
        "name": "湖南",
        "level": "1",
        "code": "4300",
        "cities": [{
                "name": "长沙",
                "level": "2",
                "code": "4301"
            },
            {
                "name": "株洲",
                "level": "3",
                "code": "4302"
            },
            {
                "name": "湘潭",
                "level": "3",
                "code": "4303"
            },
            {
                "name": "衡阳",
                "level": "3",
                "code": "4304"
            },
            {
                "name": "邵阳",
                "level": "3",
                "code": "4305"
            },
            {
                "name": "岳阳",
                "level": "3",
                "code": "4306"
            },
            {
                "name": "常德",
                "level": "3",
                "code": "4307"
            },
            {
                "name": "张家界",
                "level": "3",
                "code": "4308"
            },
            {
                "name": "益阳",
                "level": "3",
                "code": "4309"
            },
            {
                "name": "郴州",
                "level": "3",
                "code": "4310"
            },
            {
                "name": "永州",
                "level": "3",
                "code": "4311"
            },
            {
                "name": "怀化",
                "level": "3",
                "code": "4312"
            },
            {
                "name": "娄底",
                "level": "3",
                "code": "4313"
            },
            {
                "name": "湘西土家族苗族自治州",
                "level": "3",
                "code": "4331"
            }
        ]
    },
    "广东": {
        "name": "广东",
        "level": "1",
        "code": "4400",
        "cities": [{
                "name": "广州",
                "level": "2",
                "code": "4401"
            },
            {
                "name": "韶关",
                "level": "3",
                "code": "4402"
            },
            {
                "name": "深圳",
                "level": "3",
                "code": "4403"
            },
            {
                "name": "珠海",
                "level": "3",
                "code": "4404"
            },
            {
                "name": "汕头",
                "level": "3",
                "code": "4405"
            },
            {
                "name": "佛山",
                "level": "3",
                "code": "4406"
            },
            {
                "name": "江门",
                "level": "3",
                "code": "4407"
            },
            {
                "name": "湛江",
                "level": "3",
                "code": "4408"
            },
            {
                "name": "茂名",
                "level": "3",
                "code": "4409"
            },
            {
                "name": "肇庆",
                "level": "3",
                "code": "4412"
            },
            {
                "name": "惠州",
                "level": "3",
                "code": "4413"
            },
            {
                "name": "梅州",
                "level": "3",
                "code": "4414"
            },
            {
                "name": "汕尾",
                "level": "3",
                "code": "4415"
            },
            {
                "name": "河源",
                "level": "3",
                "code": "4416"
            },
            {
                "name": "阳江",
                "level": "3",
                "code": "4417"
            },
            {
                "name": "清远",
                "level": "3",
                "code": "4418"
            },
            {
                "name": "东莞",
                "level": "3",
                "code": "4419"
            },
            {
                "name": "中山",
                "level": "3",
                "code": "4420"
            },
            {
                "name": "潮州",
                "level": "3",
                "code": "4451"
            },
            {
                "name": "揭阳",
                "level": "3",
                "code": "4452"
            },
            {
                "name": "云浮",
                "level": "3",
                "code": "4453"
            }
        ]
    },
    "广西": {
        "name": "广西",
        "level": "1",
        "code": "4500",
        "cities": [{
                "name": "南宁",
                "level": "2",
                "code": "4501"
            },
            {
                "name": "柳州",
                "level": "3",
                "code": "4502"
            },
            {
                "name": "桂林",
                "level": "3",
                "code": "4503"
            },
            {
                "name": "梧州",
                "level": "3",
                "code": "4504"
            },
            {
                "name": "北海",
                "level": "3",
                "code": "4505"
            },
            {
                "name": "防城港",
                "level": "3",
                "code": "4506"
            },
            {
                "name": "钦州",
                "level": "3",
                "code": "4507"
            },
            {
                "name": "贵港",
                "level": "3",
                "code": "4508"
            },
            {
                "name": "玉林",
                "level": "3",
                "code": "4509"
            },
            {
                "name": "百色",
                "level": "3",
                "code": "4510"
            },
            {
                "name": "贺州",
                "level": "3",
                "code": "4511"
            },
            {
                "name": "河池",
                "level": "3",
                "code": "4512"
            },
            {
                "name": "来宾",
                "level": "3",
                "code": "4513"
            },
            {
                "name": "崇左",
                "level": "3",
                "code": "4514"
            }
        ]
    },
    "海南": {
        "name": "海南",
        "level": "1",
        "code": "4600",
        "cities": [{
                "name": "海口",
                "level": "2",
                "code": "4601"
            },
            {
                "name": "三亚",
                "level": "3",
                "code": "4602"
            }
        ]
    },
    "重庆": {
        "name": "重庆",
        "level": "1",
        "code": "5000",
        "cities": [{
            "name": "重庆",
            "level": "1",
            "code": "5000"
        }]
    },
    "四川": {
        "name": "四川",
        "level": "1",
        "code": "5100",
        "cities": [{
                "name": "成都",
                "level": "2",
                "code": "5101"
            },
            {
                "name": "自贡",
                "level": "3",
                "code": "5103"
            },
            {
                "name": "攀枝花",
                "level": "3",
                "code": "5104"
            },
            {
                "name": "泸州",
                "level": "3",
                "code": "5105"
            },
            {
                "name": "德阳",
                "level": "3",
                "code": "5106"
            },
            {
                "name": "绵阳",
                "level": "3",
                "code": "5107"
            },
            {
                "name": "广元",
                "level": "3",
                "code": "5108"
            },
            {
                "name": "遂宁",
                "level": "3",
                "code": "5109"
            },
            {
                "name": "内江",
                "level": "3",
                "code": "5110"
            },
            {
                "name": "乐山",
                "level": "3",
                "code": "5111"
            },
            {
                "name": "南充",
                "level": "3",
                "code": "5113"
            },
            {
                "name": "眉山",
                "level": "3",
                "code": "5114"
            },
            {
                "name": "宜宾",
                "level": "3",
                "code": "5115"
            },
            {
                "name": "广安",
                "level": "3",
                "code": "5116"
            },
            {
                "name": "达州",
                "level": "3",
                "code": "5117"
            },
            {
                "name": "雅安",
                "level": "3",
                "code": "5118"
            },
            {
                "name": "巴中",
                "level": "3",
                "code": "5119"
            },
            {
                "name": "资阳",
                "level": "3",
                "code": "5120"
            },
            {
                "name": "阿坝藏族羌族自治州",
                "level": "3",
                "code": "5132"
            },
            {
                "name": "甘孜藏族自治州",
                "level": "3",
                "code": "5133"
            },
            {
                "name": "凉山彝族自治州",
                "level": "3",
                "code": "5134"
            }
        ]
    },
    "贵州": {
        "name": "贵州",
        "level": "1",
        "code": "5200",
        "cities": [{
                "name": "贵阳",
                "level": "2",
                "code": "5201"
            },
            {
                "name": "六盘水",
                "level": "3",
                "code": "5202"
            },
            {
                "name": "遵义",
                "level": "3",
                "code": "5203"
            },
            {
                "name": "安顺",
                "level": "3",
                "code": "5204"
            },
            {
                "name": "铜仁地区",
                "level": "3",
                "code": "5222"
            },
            {
                "name": "黔西南布依族苗族自治州",
                "level": "3",
                "code": "5223"
            },
            {
                "name": "毕节地区",
                "level": "3",
                "code": "5224"
            },
            {
                "name": "黔东南苗族侗族自治州",
                "level": "3",
                "code": "5226"
            },
            {
                "name": "黔南布依族苗族自治州",
                "level": "3",
                "code": "5227"
            }
        ]
    },
    "云南": {
        "name": "云南",
        "level": "1",
        "code": "5300",
        "cities": [{
                "name": "昆明",
                "level": "2",
                "code": "5301"
            },
            {
                "name": "曲靖",
                "level": "3",
                "code": "5303"
            },
            {
                "name": "玉溪",
                "level": "3",
                "code": "5304"
            },
            {
                "name": "保山",
                "level": "3",
                "code": "5305"
            },
            {
                "name": "昭通",
                "level": "3",
                "code": "5306"
            },
            {
                "name": "丽江",
                "level": "3",
                "code": "5307"
            },
            {
                "name": "普洱",
                "level": "3",
                "code": "5308"
            },
            {
                "name": "临沧",
                "level": "3",
                "code": "5309"
            },
            {
                "name": "楚雄彝族自治州",
                "level": "3",
                "code": "5323"
            },
            {
                "name": "红河哈尼族彝族自治州",
                "level": "3",
                "code": "5325"
            },
            {
                "name": "文山壮族苗族自治州",
                "level": "3",
                "code": "5326"
            },
            {
                "name": "西双版纳傣族自治州",
                "level": "3",
                "code": "5328"
            },
            {
                "name": "大理白族自治州",
                "level": "3",
                "code": "5329"
            },
            {
                "name": "德宏傣族景颇族自治州",
                "level": "3",
                "code": "5331"
            },
            {
                "name": "怒江傈僳族自治州",
                "level": "3",
                "code": "5333"
            },
            {
                "name": "迪庆藏族自治州",
                "level": "3",
                "code": "5334"
            }
        ]
    },
    "西藏": {
        "name": "西藏",
        "level": "1",
        "code": "5400",
        "cities": [{
                "name": "拉萨",
                "level": "2",
                "code": "5401"
            },
            {
                "name": "昌都地区",
                "level": "3",
                "code": "5421"
            },
            {
                "name": "山南地区",
                "level": "3",
                "code": "5422"
            },
            {
                "name": "日喀则地区",
                "level": "3",
                "code": "5423"
            },
            {
                "name": "那曲地区",
                "level": "3",
                "code": "5424"
            },
            {
                "name": "阿里地区",
                "level": "3",
                "code": "5425"
            },
            {
                "name": "林芝地区",
                "level": "3",
                "code": "5426"
            }
        ]
    },
    "陕西": {
        "name": "陕西",
        "level": "1",
        "code": "6100",
        "cities": [{
                "name": "西安",
                "level": "2",
                "code": "6101"
            },
            {
                "name": "铜川",
                "level": "3",
                "code": "6102"
            },
            {
                "name": "宝鸡",
                "level": "3",
                "code": "6103"
            },
            {
                "name": "咸阳",
                "level": "3",
                "code": "6104"
            },
            {
                "name": "渭南",
                "level": "3",
                "code": "6105"
            },
            {
                "name": "延安",
                "level": "3",
                "code": "6106"
            },
            {
                "name": "汉中",
                "level": "3",
                "code": "6107"
            },
            {
                "name": "榆林",
                "level": "3",
                "code": "6108"
            },
            {
                "name": "安康",
                "level": "3",
                "code": "6109"
            },
            {
                "name": "商洛",
                "level": "3",
                "code": "6110"
            }
        ]
    },
    "甘肃": {
        "name": "甘肃",
        "level": "1",
        "code": "6200",
        "cities": [{
                "name": "兰州",
                "level": "2",
                "code": "6201"
            },
            {
                "name": "嘉峪关",
                "level": "3",
                "code": "6202"
            },
            {
                "name": "金昌",
                "level": "3",
                "code": "6203"
            },
            {
                "name": "白银",
                "level": "3",
                "code": "6204"
            },
            {
                "name": "天水",
                "level": "3",
                "code": "6205"
            },
            {
                "name": "武威",
                "level": "3",
                "code": "6206"
            },
            {
                "name": "张掖",
                "level": "3",
                "code": "6207"
            },
            {
                "name": "平凉",
                "level": "3",
                "code": "6208"
            },
            {
                "name": "酒泉",
                "level": "3",
                "code": "6209"
            },
            {
                "name": "庆阳",
                "level": "3",
                "code": "6210"
            },
            {
                "name": "定西",
                "level": "3",
                "code": "6211"
            },
            {
                "name": "陇南",
                "level": "3",
                "code": "6212"
            },
            {
                "name": "临夏回族自治州",
                "level": "3",
                "code": "6229"
            },
            {
                "name": "甘南藏族自治州",
                "level": "3",
                "code": "6230"
            }
        ]
    },
    "青海": {
        "name": "青海",
        "level": "1",
        "code": "6300",
        "cities": [{
                "name": "西宁",
                "level": "2",
                "code": "6301"
            },
            {
                "name": "海东地区",
                "level": "3",
                "code": "6321"
            },
            {
                "name": "海北藏族自治州",
                "level": "3",
                "code": "6322"
            },
            {
                "name": "黄南藏族自治州",
                "level": "3",
                "code": "6323"
            },
            {
                "name": "海南藏族自治州",
                "level": "3",
                "code": "6325"
            },
            {
                "name": "果洛藏族自治州",
                "level": "3",
                "code": "6326"
            },
            {
                "name": "玉树藏族自治州",
                "level": "3",
                "code": "6327"
            },
            {
                "name": "海西蒙古族藏族自治州",
                "level": "3",
                "code": "6328"
            }
        ]
    },
    "宁夏": {
        "name": "宁夏",
        "level": "1",
        "code": "6400",
        "cities": [{
                "name": "银川",
                "level": "2",
                "code": "6401"
            },
            {
                "name": "石嘴山",
                "level": "3",
                "code": "6402"
            },
            {
                "name": "吴忠",
                "level": "3",
                "code": "6403"
            },
            {
                "name": "固原",
                "level": "3",
                "code": "6404"
            },
            {
                "name": "中卫",
                "level": "3",
                "code": "6405"
            }
        ]
    },
    "新疆": {
        "name": "新疆",
        "level": "1",
        "code": "6500",
        "cities": [{
                "name": "乌鲁木齐",
                "level": "2",
                "code": "6501"
            },
            {
                "name": "克拉玛依",
                "level": "3",
                "code": "6502"
            },
            {
                "name": "吐鲁番地区",
                "level": "3",
                "code": "6521"
            },
            {
                "name": "哈密地区",
                "level": "3",
                "code": "6522"
            },
            {
                "name": "昌吉回族自治州",
                "level": "3",
                "code": "6523"
            },
            {
                "name": "博尔塔拉蒙古自治州",
                "level": "3",
                "code": "6527"
            },
            {
                "name": "巴音郭楞蒙古自治州",
                "level": "3",
                "code": "6528"
            },
            {
                "name": "阿克苏地区",
                "level": "3",
                "code": "6529"
            },
            {
                "name": "克孜勒苏柯尔克孜自治州",
                "level": "3",
                "code": "6530"
            },
            {
                "name": "喀什地区",
                "level": "3",
                "code": "6531"
            },
            {
                "name": "和田地区",
                "level": "3",
                "code": "6532"
            },
            {
                "name": "伊犁哈萨克自治州",
                "level": "3",
                "code": "6540"
            },
            {
                "name": "塔城地区",
                "level": "3",
                "code": "6542"
            },
            {
                "name": "阿勒泰地区",
                "level": "3",
                "code": "6543"
            }
        ]
    },
    "台湾": {
        "name": "台湾",
        "level": "1",
        "code": "7100",
        "cities": [{
            "name": "台湾",
            "level": "1",
            "code": "7100"
        }]
    },
    "香港": {
        "name": "香港",
        "level": "1",
        "code": "8100",
        "cities": [{
            "name": "香港",
            "level": "1",
            "code": "8100"
        }]
    },
    "澳门": {
        "name": "澳门",
        "level": "1",
        "code": "8200",
        "cities": [{
            "name": "澳门",
            "level": "1",
            "code": "8200"
        }]
    }
}